FileName,Method,Precision,OriFileSize,CompressedSize,CompressionRatio,Qfsize,CompressedQfsize,Compressiontime,Decompressiontime,Dataset
CESM-ATM/SDRBENCH-CESM-ATM-26x1800x3600/CLDICE_1_26_1800_3600.f32,lpaq,0.0001,673920000,219481801,3.070505,168480000,214489663,686.66923,610.76825,CESM-ATM
CESM-ATM/SDRBENCH-CESM-ATM-26x1800x3600/CLDICE_1_26_1800_3600.f32,mac,0.0001,673920000,240097915,2.806855,168480000,235104841,216.863164,164.648495,CESM-ATM
CESM-ATM/SDRBENCH-CESM-ATM-26x1800x3600/CLDICE_1_26_1800_3600.f32,orisz,0.0001,673920000,249663255,2.699316,168480000,252215353,98.578977,14.564443,CESM-ATM
CESM-ATM/SDRBENCH-CESM-ATM-26x1800x3600/CLDICE_1_26_1800_3600.f32,zfp,0.0001,673920000,179351552,3.757536483431157,/,/,6.779587268829348,2.725782871246338,CESM-ATM
CESM-ATM/SDRBENCH-CESM-ATM-26x1800x3600/CLDICE_1_26_1800_3600.f32,adt_fse,0.001,673920000,181626460,3.710473,168480000,179661325,120.183926,64.879166,CESM-ATM
CESM-ATM/SDRBENCH-CESM-ATM-26x1800x3600/CLDICE_1_26_1800_3600.f32,lpaq,0.001,673920000,149307215,4.513647,168480000,146687901,570.346658,510.80647,CESM-ATM
CESM-ATM/SDRBENCH-CESM-ATM-26x1800x3600/CLDICE_1_26_1800_3600.f32,mac,0.001,673920000,161504607,4.17276,168480000,158884724,164.555554,132.185401,CESM-ATM
CESM-ATM/SDRBENCH-CESM-ATM-26x1800x3600/CLDICE_1_26_1800_3600.f32,orisz,0.001,673920000,174621025,3.859329,168480000,179844068,71.927984,11.763918,CESM-ATM
CESM-ATM/SDRBENCH-CESM-ATM-26x1800x3600/CLDICE_1_26_1800_3600.f32,zfp,0.001,673920000,277884928,2.425176510472709,/,/,6.267773866653442,3.446887493133545,CESM-ATM
CESM-ATM/SDRBENCH-CESM-ATM-26x1800x3600/CLDICE_1_26_1800_3600.f32,adt_fse,0.01,673920000,114764394,5.872205,168480000,111745320,52.370926,18.391382,CESM-ATM
CESM-ATM/SDRBENCH-CESM-ATM-26x1800x3600/CLDICE_1_26_1800_3600.f32,lpaq,0.01,673920000,93991269,7.170028,168480000,90542074,470.651538,440.229316,CESM-ATM
CESM-ATM/SDRBENCH-CESM-ATM-26x1800x3600/CLDICE_1_26_1800_3600.f32,mac,0.01,673920000,92375918,7.295408,168480000,88924875,103.224998,87.679103,CESM-ATM
CESM-ATM/SDRBENCH-CESM-ATM-26x1800x3600/CLDICE_1_26_1800_3600.f32,orisz,0.01,673920000,108719915,6.19868,168480000,112201883,47.670432,9.484121,CESM-ATM
CESM-ATM/SDRBENCH-CESM-ATM-26x1800x3600/CLDICE_1_26_1800_3600.f32,zfp,0.01,673920000,277880832,2.4252122578933406,/,/,6.6921443939208975,3.814040899276733,CESM-ATM
CESM-ATM/SDRBENCH-CESM-ATM-26x1800x3600/CLDLIQ_1_26_1800_3600.f32,adt_fse,0.0001,673920000,251866467,2.675704,168480000,247838042,116.677556,21.906073000000006,CESM-ATM
CESM-ATM/SDRBENCH-CESM-ATM-26x1800x3600/CLDLIQ_1_26_1800_3600.f32,lpaq,0.0001,673920000,218464870,3.084798,168480000,212321289,636.638282,625.531107,CESM-ATM
CESM-ATM/SDRBENCH-CESM-ATM-26x1800x3600/CLDLIQ_1_26_1800_3600.f32,mac,0.0001,673920000,238071977,2.830741,168480000,231921709,220.776311,170.966275,CESM-ATM
CESM-ATM/SDRBENCH-CESM-ATM-26x1800x3600/CLDLIQ_1_26_1800_3600.f32,orisz,0.0001,673920000,245566794,2.744345,168480000,249151287,95.104024,14.238266,CESM-ATM
CESM-ATM/SDRBENCH-CESM-ATM-26x1800x3600/CLDLIQ_1_26_1800_3600.f32,zfp,0.0001,673920000,254156800,2.651591458501209,/,/,7.855439186096191,4.315664768218993,CESM-ATM
CESM-ATM/SDRBENCH-CESM-ATM-26x1800x3600/CLDLIQ_1_26_1800_3600.f32,adt_fse,0.001,673920000,185234833,3.638193,168480000,182247026,86.04336500000002,20.906485,CESM-ATM
CESM-ATM/SDRBENCH-CESM-ATM-26x1800x3600/CLDLIQ_1_26_1800_3600.f32,lpaq,0.001,673920000,153779670,4.382374,168480000,150155633,563.9533309999998,514.963392,CESM-ATM
CESM-ATM/SDRBENCH-CESM-ATM-26x1800x3600/CLDLIQ_1_26_1800_3600.f32,mac,0.001,673920000,167694685,4.018732,168480000,164071022,181.511666,134.409428,CESM-ATM
CESM-ATM/SDRBENCH-CESM-ATM-26x1800x3600/CLDLIQ_1_26_1800_3600.f32,orisz,0.001,673920000,175240850,3.845679,168480000,182461395,76.491923,10.913615,CESM-ATM
CESM-ATM/SDRBENCH-CESM-ATM-26x1800x3600/CLDLIQ_1_26_1800_3600.f32,zfp,0.001,673920000,254152704,2.6516341923318665,/,/,6.688366889953612,5.063834428787232,CESM-ATM
CESM-ATM/SDRBENCH-CESM-ATM-26x1800x3600/CLDLIQ_1_26_1800_3600.f32,adt_fse,0.01,673920000,119516114,5.638738,168480000,118225969,52.275248,18.103579,CESM-ATM
CESM-ATM/SDRBENCH-CESM-ATM-26x1800x3600/CLDLIQ_1_26_1800_3600.f32,lpaq,0.01,673920000,98709062,6.827336999999999,168480000,96557398,485.543091,463.97687300000007,CESM-ATM
CESM-ATM/SDRBENCH-CESM-ATM-26x1800x3600/CLDLIQ_1_26_1800_3600.f32,mac,0.01,673920000,98611890,6.834064,168480000,96464104,112.238407,96.635981,CESM-ATM
CESM-ATM/SDRBENCH-CESM-ATM-26x1800x3600/CLDLIQ_1_26_1800_3600.f32,orisz,0.01,673920000,113400677,5.9428220000000005,168480000,119166239,47.48735,9.058762,CESM-ATM
CESM-ATM/SDRBENCH-CESM-ATM-26x1800x3600/CLDLIQ_1_26_1800_3600.f32,zfp,0.01,673920000,254151792,2.651643707473839,/,/,5.615145206451416,5.620503664016724,CESM-ATM
CESM-ATM/SDRBENCH-CESM-ATM-26x1800x3600/CLOUD_1_26_1800_3600.f32,adt_fse,0.0001,673920000,179994924,3.744106,168480000,184016801,83.291504,18.684747,CESM-ATM
CESM-ATM/SDRBENCH-CESM-ATM-26x1800x3600/CLOUD_1_26_1800_3600.f32,lpaq,0.0001,673920000,147703520,4.562654,168480000,144524583,582.971279,530.2221910000002,CESM-ATM
CESM-ATM/SDRBENCH-CESM-ATM-26x1800x3600/CLOUD_1_26_1800_3600.f32,mac,0.0001,673920000,169419509,3.977818,168480000,166241786,186.386346,145.941917,CESM-ATM
CESM-ATM/SDRBENCH-CESM-ATM-26x1800x3600/CLOUD_1_26_1800_3600.f32,orisz,0.0001,673920000,172936352,3.896925,168480000,184529782,78.991163,10.475387,CESM-ATM
CESM-ATM/SDRBENCH-CESM-ATM-26x1800x3600/CLOUD_1_26_1800_3600.f32,zfp,0.0001,673920000,307494912,2.191646019820972,/,/,8.216896772384644,4.402220964431763,CESM-ATM
CESM-ATM/SDRBENCH-CESM-ATM-26x1800x3600/CLOUD_1_26_1800_3600.f32,adt_fse,0.001,673920000,127029098,5.3052410000000005,168480000,130460550,57.544499,15.578793,CESM-ATM
CESM-ATM/SDRBENCH-CESM-ATM-26x1800x3600/CLOUD_1_26_1800_3600.f32,lpaq,0.001,673920000,99468768,6.775192,168480000,97123751,475.99733,463.829377,CESM-ATM
CESM-ATM/SDRBENCH-CESM-ATM-26x1800x3600/CLOUD_1_26_1800_3600.f32,mac,0.001,673920000,103692261,6.499231,168480000,101361112,135.730695,111.659234,CESM-ATM
CESM-ATM/SDRBENCH-CESM-ATM-26x1800x3600/CLOUD_1_26_1800_3600.f32,orisz,0.001,673920000,118397018,5.692035,168480000,130748605,49.223023,9.061351,CESM-ATM
CESM-ATM/SDRBENCH-CESM-ATM-26x1800x3600/CLOUD_1_26_1800_3600.f32,zfp,0.001,673920000,289777688,2.3256448923010247,/,/,4.9978883266448975,5.186421632766724,CESM-ATM
CESM-ATM/SDRBENCH-CESM-ATM-26x1800x3600/CLOUD_1_26_1800_3600.f32,adt_fse,0.01,673920000,73708895,9.142994,168480000,76577475,34.470512,16.279394,CESM-ATM
CESM-ATM/SDRBENCH-CESM-ATM-26x1800x3600/CLOUD_1_26_1800_3600.f32,lpaq,0.01,673920000,59897711,11.251181,168480000,57999625,421.155958,415.900981,CESM-ATM
CESM-ATM/SDRBENCH-CESM-ATM-26x1800x3600/CLOUD_1_26_1800_3600.f32,mac,0.01,673920000,58475954,11.524737,168480000,56579211,87.91755400000002,80.53916,CESM-ATM
CESM-ATM/SDRBENCH-CESM-ATM-26x1800x3600/CLOUD_1_26_1800_3600.f32,orisz,0.01,673920000,67611077,9.967597,168480000,77902371,34.808558000000005,7.560678999999999,CESM-ATM
CESM-ATM/SDRBENCH-CESM-ATM-26x1800x3600/CLOUD_1_26_1800_3600.f32,zfp,0.01,673920000,240965520,2.7967486800601185,/,/,6.026713609695435,3.9710199832916255,CESM-ATM
CESM-ATM/SDRBENCH-CESM-ATM-26x1800x3600/CMFDQR_1_26_1800_3600.f32,adt_fse,0.0001,673920000,158338453,4.256199,168480000,159011737,108.847763,70.841961,CESM-ATM
CESM-ATM/SDRBENCH-CESM-ATM-26x1800x3600/CMFDQR_1_26_1800_3600.f32,lpaq,0.0001,673920000,132981145,5.067786,168480000,132712422,578.186164,537.247201,CESM-ATM
CESM-ATM/SDRBENCH-CESM-ATM-26x1800x3600/CMFDQR_1_26_1800_3600.f32,mac,0.0001,673920000,152024772,4.432962,168480000,151753045,209.072094,169.326895,CESM-ATM
CESM-ATM/SDRBENCH-CESM-ATM-26x1800x3600/CMFDQR_1_26_1800_3600.f32,orisz,0.0001,673920000,161757496,4.1662370000000015,168480000,182867838,70.2469,10.799095,CESM-ATM
CESM-ATM/SDRBENCH-CESM-ATM-26x1800x3600/CMFDQR_1_26_1800_3600.f32,zfp,0.0001,673920000,178421760,3.7771177685950414,/,/,4.182955503463745,3.161803960800172,CESM-ATM
CESM-ATM/SDRBENCH-CESM-ATM-26x1800x3600/CMFDQR_1_26_1800_3600.f32,adt_fse,0.001,673920000,124736735,5.402739,168480000,130964901,56.673237,16.645625,CESM-ATM
CESM-ATM/SDRBENCH-CESM-ATM-26x1800x3600/CMFDQR_1_26_1800_3600.f32,lpaq,0.001,673920000,96537064,6.980946,168480000,96313078,486.552178,488.460417,CESM-ATM
CESM-ATM/SDRBENCH-CESM-ATM-26x1800x3600/CMFDQR_1_26_1800_3600.f32,mac,0.001,673920000,106508945,6.327356,168480000,106284608,149.88325,131.584334,CESM-ATM
CESM-ATM/SDRBENCH-CESM-ATM-26x1800x3600/CMFDQR_1_26_1800_3600.f32,orisz,0.001,673920000,117596883,5.730764,168480000,132657961,50.91362700000001,8.477473,CESM-ATM
CESM-ATM/SDRBENCH-CESM-ATM-26x1800x3600/CMFDQR_1_26_1800_3600.f32,zfp,0.001,673920000,178413568,3.7772911979429726,/,/,3.753108739852905,4.338788032531738,CESM-ATM
CESM-ATM/SDRBENCH-CESM-ATM-26x1800x3600/CMFDQR_1_26_1800_3600.f32,adt_fse,0.01,673920000,83890860,8.033294999999999,168480000,89483209,38.590112,15.5133,CESM-ATM
CESM-ATM/SDRBENCH-CESM-ATM-26x1800x3600/CMFDQR_1_26_1800_3600.f32,lpaq,0.01,673920000,62266819,10.8231,168480000,62071832,444.116355,427.528398,CESM-ATM
CESM-ATM/SDRBENCH-CESM-ATM-26x1800x3600/CMFDQR_1_26_1800_3600.f32,mac,0.01,673920000,64285589,10.48322,168480000,64090944,122.519194,113.345673,CESM-ATM
CESM-ATM/SDRBENCH-CESM-ATM-26x1800x3600/CMFDQR_1_26_1800_3600.f32,orisz,0.01,673920000,74951545,8.991408999999997,168480000,89219739,34.978777,6.352799,CESM-ATM
CESM-ATM/SDRBENCH-CESM-ATM-26x1800x3600/CMFDQR_1_26_1800_3600.f32,zfp,0.01,673920000,178410720,3.777351495470677,/,/,3.94064736366272,3.3105857372283936,CESM-ATM
CESM-ATM/SDRBENCH-CESM-ATM-26x1800x3600/CMFDT_1_26_1800_3600.f32,adt_fse,0.0001,673920000,203481381,3.311949,168480000,200765096,96.632732,18.782673000000006,CESM-ATM
CESM-ATM/SDRBENCH-CESM-ATM-26x1800x3600/CMFDT_1_26_1800_3600.f32,lpaq,0.0001,673920000,178704350,3.771145,168480000,173250373,671.3443679999998,582.620922,CESM-ATM
CESM-ATM/SDRBENCH-CESM-ATM-26x1800x3600/CMFDT_1_26_1800_3600.f32,mac,0.0001,673920000,201813193,3.339326,168480000,196357752,222.47691,175.187942,CESM-ATM
CESM-ATM/SDRBENCH-CESM-ATM-26x1800x3600/CMFDT_1_26_1800_3600.f32,orisz,0.0001,673920000,201439186,3.345526,168480000,219102194,86.446148,13.910598,CESM-ATM
CESM-ATM/SDRBENCH-CESM-ATM-26x1800x3600/CMFDT_1_26_1800_3600.f32,zfp,0.0001,673920000,325144576,2.0726779707990577,/,/,7.893280982971191,6.317060947418213,CESM-ATM
CESM-ATM/SDRBENCH-CESM-ATM-26x1800x3600/CMFDT_1_26_1800_3600.f32,adt_fse,0.001,673920000,160005547,4.211854,168480000,163060770,78.416781,17.473485,CESM-ATM
CESM-ATM/SDRBENCH-CESM-ATM-26x1800x3600/CMFDT_1_26_1800_3600.f32,lpaq,0.001,673920000,131602217,5.1208860000000005,168480000,127431553,538.143369,519.73348,CESM-ATM
CESM-ATM/SDRBENCH-CESM-ATM-26x1800x3600/CMFDT_1_26_1800_3600.f32,mac,0.001,673920000,144037034,4.678797,168480000,139865868,172.3209,143.395607,CESM-ATM
CESM-ATM/SDRBENCH-CESM-ATM-26x1800x3600/CMFDT_1_26_1800_3600.f32,orisz,0.001,673920000,150648914,4.473447,168480000,164385969,62.454978,9.601187,CESM-ATM
CESM-ATM/SDRBENCH-CESM-ATM-26x1800x3600/CMFDT_1_26_1800_3600.f32,zfp,0.001,673920000,277987384,2.424282678957834,/,/,4.934849262237549,4.445819616317749,CESM-ATM
CESM-ATM/SDRBENCH-CESM-ATM-26x1800x3600/CMFDT_1_26_1800_3600.f32,adt_fse,0.01,673920000,111614735,6.037912,168480000,114066097,48.111822,16.345806,CESM-ATM
CESM-ATM/SDRBENCH-CESM-ATM-26x1800x3600/CMFDT_1_26_1800_3600.f32,lpaq,0.01,673920000,89288330,7.547683,168480000,85137901,459.151264,461.768776,CESM-ATM
CESM-ATM/SDRBENCH-CESM-ATM-26x1800x3600/CMFDT_1_26_1800_3600.f32,mac,0.01,673920000,93401847,7.215275,168480000,89251152,133.577602,122.480753,CESM-ATM
CESM-ATM/SDRBENCH-CESM-ATM-26x1800x3600/CMFDT_1_26_1800_3600.f32,orisz,0.01,673920000,104832913,6.428515,168480000,114533108,47.587741,7.9059300000000015,CESM-ATM
CESM-ATM/SDRBENCH-CESM-ATM-26x1800x3600/CMFDT_1_26_1800_3600.f32,zfp,0.01,673920000,233393968,2.887478223087582,/,/,4.085198163986206,3.8497376441955566,CESM-ATM
CESM-ATM/SDRBENCH-CESM-ATM-26x1800x3600/DCQ_1_26_1800_3600.f32,adt_fse,0.0001,673920000,253955091,2.653698,168480000,251289723,116.399853,21.965937,CESM-ATM
CESM-ATM/SDRBENCH-CESM-ATM-26x1800x3600/DCQ_1_26_1800_3600.f32,lpaq,0.0001,673920000,221813257,3.038231,168480000,216285185,690.2859269999999,641.479048,CESM-ATM
CESM-ATM/SDRBENCH-CESM-ATM-26x1800x3600/DCQ_1_26_1800_3600.f32,mac,0.0001,673920000,243125315,2.771904,168480000,237596503,216.159687,160.729175,CESM-ATM
CESM-ATM/SDRBENCH-CESM-ATM-26x1800x3600/DCQ_1_26_1800_3600.f32,orisz,0.0001,673920000,247731580,2.720364,168480000,252876023,96.187009,14.581051,CESM-ATM
CESM-ATM/SDRBENCH-CESM-ATM-26x1800x3600/DCQ_1_26_1800_3600.f32,zfp,0.0001,673920000,446426920,1.5095863842619526,/,/,7.2003014087677,5.631381034851074,CESM-ATM
CESM-ATM/SDRBENCH-CESM-ATM-26x1800x3600/DCQ_1_26_1800_3600.f32,adt_fse,0.001,673920000,188430192,3.5764970000000003,168480000,183279136,84.71194200000002,21.386205,CESM-ATM
CESM-ATM/SDRBENCH-CESM-ATM-26x1800x3600/DCQ_1_26_1800_3600.f32,lpaq,0.001,673920000,157660058,4.274513,168480000,151031735,569.783308,527.248561,CESM-ATM
CESM-ATM/SDRBENCH-CESM-ATM-26x1800x3600/DCQ_1_26_1800_3600.f32,mac,0.001,673920000,169264065,3.981471,168480000,162642753,160.392052,122.880221,CESM-ATM
CESM-ATM/SDRBENCH-CESM-ATM-26x1800x3600/DCQ_1_26_1800_3600.f32,orisz,0.001,673920000,180796425,3.727507,168480000,183448956,73.12993900000002,10.901201,CESM-ATM
CESM-ATM/SDRBENCH-CESM-ATM-26x1800x3600/DCQ_1_26_1800_3600.f32,zfp,0.001,673920000,365561928,1.843518015366196,/,/,7.956578016281128,5.234559774398804,CESM-ATM
CESM-ATM/SDRBENCH-CESM-ATM-26x1800x3600/DCQ_1_26_1800_3600.f32,adt_fse,0.01,673920000,122348771,5.508188,168480000,119037359,57.654329,17.371998,CESM-ATM
CESM-ATM/SDRBENCH-CESM-ATM-26x1800x3600/DCQ_1_26_1800_3600.f32,lpaq,0.01,673920000,101383476,6.647237,168480000,96395598,483.252105,469.98052800000005,CESM-ATM
CESM-ATM/SDRBENCH-CESM-ATM-26x1800x3600/DCQ_1_26_1800_3600.f32,mac,0.01,673920000,100784772,6.686724000000001,168480000,95798724,106.82505,89.89348299999997,CESM-ATM
CESM-ATM/SDRBENCH-CESM-ATM-26x1800x3600/DCQ_1_26_1800_3600.f32,orisz,0.01,673920000,115922804,5.813524,168480000,119869543,51.005568,9.771226,CESM-ATM
CESM-ATM/SDRBENCH-CESM-ATM-26x1800x3600/DCQ_1_26_1800_3600.f32,zfp,0.01,673920000,304942680,2.209989103525948,/,/,5.399648904800415,4.760145664215088,CESM-ATM
CESM-ATM/SDRBENCH-CESM-ATM-26x1800x3600/GCLDLWP_1_26_1800_3600.f32,adt_fse,0.0001,673920000,242818596,2.775405,168480000,240745503,123.411019,21.724579,CESM-ATM
CESM-ATM/SDRBENCH-CESM-ATM-26x1800x3600/GCLDLWP_1_26_1800_3600.f32,lpaq,0.0001,673920000,209133583,3.222438,168480000,205129807,671.287361,606.022872,CESM-ATM
CESM-ATM/SDRBENCH-CESM-ATM-26x1800x3600/GCLDLWP_1_26_1800_3600.f32,mac,0.0001,673920000,238944396,2.820405,168480000,234938631,227.336552,159.605276,CESM-ATM
CESM-ATM/SDRBENCH-CESM-ATM-26x1800x3600/GCLDLWP_1_26_1800_3600.f32,orisz,0.0001,673920000,238610989,2.824346,168480000,241188055,87.890292,13.783204,CESM-ATM
CESM-ATM/SDRBENCH-CESM-ATM-26x1800x3600/GCLDLWP_1_26_1800_3600.f32,zfp,0.0001,673920000,310128640,2.1730337449646697,/,/,7.184548139572144,4.619996547698975,CESM-ATM
CESM-ATM/SDRBENCH-CESM-ATM-26x1800x3600/GCLDLWP_1_26_1800_3600.f32,adt_fse,0.001,673920000,171561615,3.928151,168480000,167817680,81.90727199999998,19.822527,CESM-ATM
CESM-ATM/SDRBENCH-CESM-ATM-26x1800x3600/GCLDLWP_1_26_1800_3600.f32,lpaq,0.001,673920000,140728274,4.788803,168480000,136360376,537.063956,494.412089,CESM-ATM
CESM-ATM/SDRBENCH-CESM-ATM-26x1800x3600/GCLDLWP_1_26_1800_3600.f32,mac,0.001,673920000,146814355,4.590287,168480000,142446221,148.758816,112.155856,CESM-ATM
CESM-ATM/SDRBENCH-CESM-ATM-26x1800x3600/GCLDLWP_1_26_1800_3600.f32,orisz,0.001,673920000,164977922,4.08491,168480000,167896326,65.935813,10.593355,CESM-ATM
CESM-ATM/SDRBENCH-CESM-ATM-26x1800x3600/GCLDLWP_1_26_1800_3600.f32,zfp,0.001,673920000,310128640,2.1730337449646697,/,/,6.096760511398315,4.4980292320251465,CESM-ATM
CESM-ATM/SDRBENCH-CESM-ATM-26x1800x3600/GCLDLWP_1_26_1800_3600.f32,adt_fse,0.01,673920000,104263831,6.463603,168480000,101887387,47.060358,18.12143,CESM-ATM
CESM-ATM/SDRBENCH-CESM-ATM-26x1800x3600/GCLDLWP_1_26_1800_3600.f32,lpaq,0.01,673920000,85561031,7.876483,168480000,82830948,447.548063,428.534995,CESM-ATM
CESM-ATM/SDRBENCH-CESM-ATM-26x1800x3600/GCLDLWP_1_26_1800_3600.f32,mac,0.01,673920000,83517772,8.069181,168480000,80780050,91.147688,76.82308,CESM-ATM
CESM-ATM/SDRBENCH-CESM-ATM-26x1800x3600/GCLDLWP_1_26_1800_3600.f32,orisz,0.01,673920000,98124112,6.868036999999998,168480000,102526475,42.961723,9.101316,CESM-ATM
CESM-ATM/SDRBENCH-CESM-ATM-26x1800x3600/GCLDLWP_1_26_1800_3600.f32,zfp,0.01,673920000,310123080,2.173072703908397,/,/,5.462656259536743,4.861450672149658,CESM-ATM
CESM-ATM/SDRBENCH-CESM-ATM-26x1800x3600/ICLDIWP_1_26_1800_3600.f32,adt_fse,0.0001,673920000,271106321,2.485814,168480000,269022785,259.95648700000004,84.899728,CESM-ATM
CESM-ATM/SDRBENCH-CESM-ATM-26x1800x3600/ICLDIWP_1_26_1800_3600.f32,lpaq,0.0001,673920000,247286035,2.7252650000000003,168480000,241795259,708.0327219999998,644.206368,CESM-ATM
CESM-ATM/SDRBENCH-CESM-ATM-26x1800x3600/ICLDIWP_1_26_1800_3600.f32,mac,0.0001,673920000,265933613,2.534166,168480000,260442273,234.796489,162.628772,CESM-ATM
CESM-ATM/SDRBENCH-CESM-ATM-26x1800x3600/ICLDIWP_1_26_1800_3600.f32,orisz,0.0001,673920000,269290068,2.50258,168480000,270531262,99.142279,15.9059,CESM-ATM
CESM-ATM/SDRBENCH-CESM-ATM-26x1800x3600/ICLDIWP_1_26_1800_3600.f32,zfp,0.0001,673920000,321712128,2.0947920247507734,/,/,10.75287914276123,5.298346996307373,CESM-ATM
CESM-ATM/SDRBENCH-CESM-ATM-26x1800x3600/ICLDIWP_1_26_1800_3600.f32,adt_fse,0.001,673920000,200315673,3.36429,168480000,198338839,91.595381,21.037465,CESM-ATM
CESM-ATM/SDRBENCH-CESM-ATM-26x1800x3600/ICLDIWP_1_26_1800_3600.f32,lpaq,0.001,673920000,175152408,3.847621,168480000,172181940,580.939675,564.9055139999998,CESM-ATM
CESM-ATM/SDRBENCH-CESM-ATM-26x1800x3600/ICLDIWP_1_26_1800_3600.f32,mac,0.001,673920000,190399137,3.539512,168480000,187426363,179.293836,137.874147,CESM-ATM
CESM-ATM/SDRBENCH-CESM-ATM-26x1800x3600/ICLDIWP_1_26_1800_3600.f32,orisz,0.001,673920000,195373072,3.4494010000000004,168480000,198264697,74.160201,9.950956,CESM-ATM
CESM-ATM/SDRBENCH-CESM-ATM-26x1800x3600/ICLDIWP_1_26_1800_3600.f32,zfp,0.001,673920000,321712128,2.0947920247507734,/,/,6.867453575134277,7.118773937225343,CESM-ATM
CESM-ATM/SDRBENCH-CESM-ATM-26x1800x3600/ICLDIWP_1_26_1800_3600.f32,adt_fse,0.01,673920000,130833094,5.15099,168480000,129835317,60.012236,19.318851,CESM-ATM
CESM-ATM/SDRBENCH-CESM-ATM-26x1800x3600/ICLDIWP_1_26_1800_3600.f32,lpaq,0.01,673920000,111688905,6.033903,168480000,110090459,475.60509,461.728101,CESM-ATM
CESM-ATM/SDRBENCH-CESM-ATM-26x1800x3600/ICLDIWP_1_26_1800_3600.f32,mac,0.01,673920000,110940862,6.0745879999999985,168480000,109340704,122.163618,100.083223,CESM-ATM
CESM-ATM/SDRBENCH-CESM-ATM-26x1800x3600/ICLDIWP_1_26_1800_3600.f32,orisz,0.01,673920000,126533103,5.326037,168480000,130290880,49.18429,10.384472,CESM-ATM
CESM-ATM/SDRBENCH-CESM-ATM-26x1800x3600/ICLDIWP_1_26_1800_3600.f32,zfp,0.01,673920000,321705528,2.094835000783698,/,/,5.36141562461853,4.576378345489502,CESM-ATM
CESM-ATM/SDRBENCH-CESM-ATM-26x1800x3600/ICLDTWP_1_26_1800_3600.f32,adt_fse,0.0001,673920000,258571012,2.606325,168480000,257834390,122.697009,20.839863,CESM-ATM
CESM-ATM/SDRBENCH-CESM-ATM-26x1800x3600/ICLDTWP_1_26_1800_3600.f32,lpaq,0.0001,673920000,235865230,2.857225,168480000,232063077,712.981403,646.0642780000002,CESM-ATM
CESM-ATM/SDRBENCH-CESM-ATM-26x1800x3600/ICLDTWP_1_26_1800_3600.f32,mac,0.0001,673920000,264627279,2.546676,168480000,260824958,229.058678,168.188629,CESM-ATM
CESM-ATM/SDRBENCH-CESM-ATM-26x1800x3600/ICLDTWP_1_26_1800_3600.f32,orisz,0.0001,673920000,256239688,2.6300380000000003,168480000,258130729,95.640754,14.706046,CESM-ATM
CESM-ATM/SDRBENCH-CESM-ATM-26x1800x3600/ICLDTWP_1_26_1800_3600.f32,zfp,0.0001,673920000,331747328,2.0314255552949017,/,/,8.979260683059694,11.036519289016724,CESM-ATM
CESM-ATM/SDRBENCH-CESM-ATM-26x1800x3600/ICLDTWP_1_26_1800_3600.f32,adt_fse,0.001,673920000,188256808,3.579791,168480000,184842429,87.730145,19.540524,CESM-ATM
CESM-ATM/SDRBENCH-CESM-ATM-26x1800x3600/ICLDTWP_1_26_1800_3600.f32,lpaq,0.001,673920000,165497564,4.0720839999999985,168480000,161107284,581.544983,530.1890530000002,CESM-ATM
CESM-ATM/SDRBENCH-CESM-ATM-26x1800x3600/ICLDTWP_1_26_1800_3600.f32,mac,0.001,673920000,172603676,3.904436,168480000,168214908,156.59676399999995,115.038396,CESM-ATM
CESM-ATM/SDRBENCH-CESM-ATM-26x1800x3600/ICLDTWP_1_26_1800_3600.f32,orisz,0.001,673920000,183268001,3.677238,168480000,184647765,79.711641,10.731919,CESM-ATM
CESM-ATM/SDRBENCH-CESM-ATM-26x1800x3600/ICLDTWP_1_26_1800_3600.f32,zfp,0.001,673920000,331743232,2.0314506370999603,/,/,8.577663898468018,6.257539510726929,CESM-ATM
CESM-ATM/SDRBENCH-CESM-ATM-26x1800x3600/ICLDTWP_1_26_1800_3600.f32,adt_fse,0.01,673920000,118592182,5.682668,168480000,116434399,51.326607,17.712509,CESM-ATM
CESM-ATM/SDRBENCH-CESM-ATM-26x1800x3600/ICLDTWP_1_26_1800_3600.f32,lpaq,0.01,673920000,102779620,6.5569419999999985,168480000,100072029,448.529279,425.470944,CESM-ATM
CESM-ATM/SDRBENCH-CESM-ATM-26x1800x3600/ICLDTWP_1_26_1800_3600.f32,mac,0.01,673920000,100137042,6.729977000000001,168480000,97431424,97.457469,82.355241,CESM-ATM
CESM-ATM/SDRBENCH-CESM-ATM-26x1800x3600/ICLDTWP_1_26_1800_3600.f32,orisz,0.01,673920000,114669618,5.877058,168480000,116906469,44.915535,9.17068,CESM-ATM
CESM-ATM/SDRBENCH-CESM-ATM-26x1800x3600/ICLDTWP_1_26_1800_3600.f32,zfp,0.01,673920000,324632728,2.0759459594597622,/,/,5.25474214553833,4.652435064315796,CESM-ATM
CESM-ATM/SDRBENCH-CESM-ATM-26x1800x3600/QC_1_26_1800_3600.f32,adt_fse,0.0001,673920000,160171580,4.207488,168480000,160402114,149.782803,17.23191,CESM-ATM
CESM-ATM/SDRBENCH-CESM-ATM-26x1800x3600/QC_1_26_1800_3600.f32,lpaq,0.0001,673920000,134793208,4.999658,168480000,134393416,581.372168,531.5563,CESM-ATM
CESM-ATM/SDRBENCH-CESM-ATM-26x1800x3600/QC_1_26_1800_3600.f32,mac,0.0001,673920000,153786996,4.3821650000000005,168480000,153385441,208.660295,177.333423,CESM-ATM
CESM-ATM/SDRBENCH-CESM-ATM-26x1800x3600/QC_1_26_1800_3600.f32,orisz,0.0001,673920000,163606214,4.119159,168480000,185712134,73.768159,12.096372,CESM-ATM
CESM-ATM/SDRBENCH-CESM-ATM-26x1800x3600/QC_1_26_1800_3600.f32,zfp,0.0001,673920000,179351552,3.757536483431157,/,/,4.444822549819946,2.887442350387573,CESM-ATM
CESM-ATM/SDRBENCH-CESM-ATM-26x1800x3600/QC_1_26_1800_3600.f32,adt_fse,0.001,673920000,124886470,5.396261,168480000,126740885,96.703884,68.076065,CESM-ATM
CESM-ATM/SDRBENCH-CESM-ATM-26x1800x3600/QC_1_26_1800_3600.f32,lpaq,0.001,673920000,99418370,6.778627,168480000,99190446,512.997973,491.784449,CESM-ATM
CESM-ATM/SDRBENCH-CESM-ATM-26x1800x3600/QC_1_26_1800_3600.f32,mac,0.001,673920000,108911757,6.187762,168480000,108681868,163.319805,147.259775,CESM-ATM
CESM-ATM/SDRBENCH-CESM-ATM-26x1800x3600/QC_1_26_1800_3600.f32,orisz,0.001,673920000,118559410,5.684239,168480000,134708270,54.191481,8.361544,CESM-ATM
CESM-ATM/SDRBENCH-CESM-ATM-26x1800x3600/QC_1_26_1800_3600.f32,zfp,0.001,673920000,179351552,3.757536483431157,/,/,3.637178897857666,4.429144859313965,CESM-ATM
CESM-ATM/SDRBENCH-CESM-ATM-26x1800x3600/QC_1_26_1800_3600.f32,adt_fse,0.01,673920000,85271569,7.90322,168480000,90658620,38.495787,15.944222,CESM-ATM
CESM-ATM/SDRBENCH-CESM-ATM-26x1800x3600/QC_1_26_1800_3600.f32,lpaq,0.01,673920000,63613317,10.594008,168480000,63336696,434.803051,431.912879,CESM-ATM
CESM-ATM/SDRBENCH-CESM-ATM-26x1800x3600/QC_1_26_1800_3600.f32,mac,0.01,673920000,65568595,10.278091,168480000,65292232,120.851811,110.036031,CESM-ATM
CESM-ATM/SDRBENCH-CESM-ATM-26x1800x3600/QC_1_26_1800_3600.f32,orisz,0.01,673920000,75703652,8.90208,168480000,90407071,35.648106,6.432756,CESM-ATM
CESM-ATM/SDRBENCH-CESM-ATM-26x1800x3600/QC_1_26_1800_3600.f32,zfp,0.01,673920000,179348536,3.757599671736378,/,/,3.4296486377716064,2.6909544467926025,CESM-ATM
CESM-ATM/SDRBENCH-CESM-ATM-26x1800x3600/QRL_1_26_1800_3600.f32,adt_fse,0.0001,673920000,171036654,3.940208,168480000,165870566,163.265873,20.029828,CESM-ATM
CESM-ATM/SDRBENCH-CESM-ATM-26x1800x3600/QRL_1_26_1800_3600.f32,lpaq,0.0001,673920000,138526762,4.864908,168480000,132965204,509.85057,483.240734,CESM-ATM
CESM-ATM/SDRBENCH-CESM-ATM-26x1800x3600/QRL_1_26_1800_3600.f32,mac,0.0001,673920000,146924821,4.586836,168480000,141363820,151.957957,124.380594,CESM-ATM
CESM-ATM/SDRBENCH-CESM-ATM-26x1800x3600/QRL_1_26_1800_3600.f32,orisz,0.0001,673920000,162999105,4.134501,168480000,166023376,66.911569,10.60477,CESM-ATM
CESM-ATM/SDRBENCH-CESM-ATM-26x1800x3600/QRL_1_26_1800_3600.f32,zfp,0.0001,673920000,277884928,2.425176510472709,/,/,7.340451717376709,3.785636186599731,CESM-ATM
CESM-ATM/SDRBENCH-CESM-ATM-26x1800x3600/QRL_1_26_1800_3600.f32,adt_fse,0.001,673920000,103118593,6.535387999999998,168480000,101073353,50.691975,96.170448,CESM-ATM
CESM-ATM/SDRBENCH-CESM-ATM-26x1800x3600/QRL_1_26_1800_3600.f32,lpaq,0.001,673920000,82862380,8.133003,168480000,80291563,433.7912730000001,413.561786,CESM-ATM
CESM-ATM/SDRBENCH-CESM-ATM-26x1800x3600/QRL_1_26_1800_3600.f32,mac,0.001,673920000,81696342,8.249084,168480000,79123726,102.145166,87.378065,CESM-ATM
CESM-ATM/SDRBENCH-CESM-ATM-26x1800x3600/QRL_1_26_1800_3600.f32,orisz,0.001,673920000,95336917,7.068825,168480000,101679778,46.770094,9.529245,CESM-ATM
CESM-ATM/SDRBENCH-CESM-ATM-26x1800x3600/QRL_1_26_1800_3600.f32,zfp,0.001,673920000,277884928,2.425176510472709,/,/,6.232564210891724,3.701603651046753,CESM-ATM
CESM-ATM/SDRBENCH-CESM-ATM-26x1800x3600/QRL_1_26_1800_3600.f32,adt_fse,0.01,673920000,52480347,12.841379,168480000,51711482,30.838777,18.072181,CESM-ATM
CESM-ATM/SDRBENCH-CESM-ATM-26x1800x3600/QRL_1_26_1800_3600.f32,lpaq,0.01,673920000,46000201,14.650371,168480000,44228353,399.263152,435.635114,CESM-ATM
CESM-ATM/SDRBENCH-CESM-ATM-26x1800x3600/QRL_1_26_1800_3600.f32,mac,0.01,673920000,46225101,14.579092,168480000,44453195,59.159877,50.852448,CESM-ATM
CESM-ATM/SDRBENCH-CESM-ATM-26x1800x3600/QRL_1_26_1800_3600.f32,orisz,0.01,673920000,48634748,13.856759,168480000,52821752,23.780229,8.502129,CESM-ATM
CESM-ATM/SDRBENCH-CESM-ATM-26x1800x3600/QRL_1_26_1800_3600.f32,zfp,0.01,673920000,179351552,3.757536483431157,/,/,5.3842833042144775,2.713488340377808,CESM-ATM
CESM-ATM/SDRBENCH-CESM-ATM-26x1800x3600/RELHUM_1_26_1800_3600.f32,adt_fse,0.0001,673920000,123631107,5.451055,168480000,120276515,60.336348,19.031141,CESM-ATM
CESM-ATM/SDRBENCH-CESM-ATM-26x1800x3600/RELHUM_1_26_1800_3600.f32,lpaq,0.0001,673920000,92785568,7.263199,168480000,88497846,459.955218,447.193994,CESM-ATM
CESM-ATM/SDRBENCH-CESM-ATM-26x1800x3600/RELHUM_1_26_1800_3600.f32,mac,0.0001,673920000,90512984,7.445562,168480000,86222989,96.393606,82.713116,CESM-ATM
CESM-ATM/SDRBENCH-CESM-ATM-26x1800x3600/RELHUM_1_26_1800_3600.f32,orisz,0.0001,673920000,111924578,6.021198,168480000,120767158,56.554513,10.059637,CESM-ATM
CESM-ATM/SDRBENCH-CESM-ATM-26x1800x3600/RELHUM_1_26_1800_3600.f32,zfp,0.0001,673920000,317759488,2.120849338730052,/,/,8.130434036254883,10.148652076721193,CESM-ATM
CESM-ATM/SDRBENCH-CESM-ATM-26x1800x3600/RELHUM_1_26_1800_3600.f32,adt_fse,0.001,673920000,63559913,10.602909,168480000,61363335,32.367085,18.230364,CESM-ATM
CESM-ATM/SDRBENCH-CESM-ATM-26x1800x3600/RELHUM_1_26_1800_3600.f32,lpaq,0.001,673920000,55163696,12.21673,168480000,52823487,440.038361,410.927334,CESM-ATM
CESM-ATM/SDRBENCH-CESM-ATM-26x1800x3600/RELHUM_1_26_1800_3600.f32,mac,0.001,673920000,56472783,11.933536,168480000,54132954,56.43479,45.31446,CESM-ATM
CESM-ATM/SDRBENCH-CESM-ATM-26x1800x3600/RELHUM_1_26_1800_3600.f32,orisz,0.001,673920000,59153665,11.392701,168480000,62310097,29.254446,7.951834,CESM-ATM
CESM-ATM/SDRBENCH-CESM-ATM-26x1800x3600/RELHUM_1_26_1800_3600.f32,zfp,0.001,673920000,317751184,2.1209047642761893,/,/,8.767547845840454,4.748944282531738,CESM-ATM
CESM-ATM/SDRBENCH-CESM-ATM-26x1800x3600/RELHUM_1_26_1800_3600.f32,adt_fse,0.01,673920000,37076013,18.176712,168480000,37203260,23.828779,17.340349,CESM-ATM
CESM-ATM/SDRBENCH-CESM-ATM-26x1800x3600/RELHUM_1_26_1800_3600.f32,lpaq,0.01,673920000,34539102,19.511799,168480000,34521330,401.135726,393.821256,CESM-ATM
CESM-ATM/SDRBENCH-CESM-ATM-26x1800x3600/RELHUM_1_26_1800_3600.f32,mac,0.01,673920000,34276430,19.661324,168480000,34258665,49.840144,42.576422,CESM-ATM
CESM-ATM/SDRBENCH-CESM-ATM-26x1800x3600/RELHUM_1_26_1800_3600.f32,orisz,0.01,673920000,35112709,19.193051,168480000,38575646,18.89535,8.028879,CESM-ATM
CESM-ATM/SDRBENCH-CESM-ATM-26x1800x3600/RELHUM_1_26_1800_3600.f32,zfp,0.01,673920000,250297944,2.6924711774699994,/,/,7.9447972774505615,6.226064205169678,CESM-ATM
CESM-ATM/SDRBENCH-CESM-ATM-26x1800x3600/T_1_26_1800_3600.f32,adt_fse,0.0001,673920000,47818438,14.093309,168480000,47447913,28.437638,16.70966,CESM-ATM
CESM-ATM/SDRBENCH-CESM-ATM-26x1800x3600/T_1_26_1800_3600.f32,lpaq,0.0001,673920000,42971524,15.682944,168480000,41963294,398.343949,400.385748,CESM-ATM
CESM-ATM/SDRBENCH-CESM-ATM-26x1800x3600/T_1_26_1800_3600.f32,mac,0.0001,673920000,43727466,15.411824,168480000,42721876,56.60485600000001,43.265063,CESM-ATM
CESM-ATM/SDRBENCH-CESM-ATM-26x1800x3600/T_1_26_1800_3600.f32,orisz,0.0001,673920000,44866109,15.020692000000002,168480000,48587266,24.158337,8.573766,CESM-ATM
CESM-ATM/SDRBENCH-CESM-ATM-26x1800x3600/T_1_26_1800_3600.f32,zfp,0.0001,673920000,300516088,2.242542169655822,/,/,8.558263778686522,5.204564094543457,CESM-ATM
CESM-ATM/SDRBENCH-CESM-ATM-26x1800x3600/T_1_26_1800_3600.f32,adt_fse,0.001,673920000,36934496,18.246357,168480000,36923901,24.319302,16.049566,CESM-ATM
CESM-ATM/SDRBENCH-CESM-ATM-26x1800x3600/T_1_26_1800_3600.f32,lpaq,0.001,673920000,33900787,19.879185,168480000,33833733,394.508721,387.867709,CESM-ATM
CESM-ATM/SDRBENCH-CESM-ATM-26x1800x3600/T_1_26_1800_3600.f32,mac,0.001,673920000,33879978,19.891394,168480000,33813084,52.62795799999999,42.623113,CESM-ATM
CESM-ATM/SDRBENCH-CESM-ATM-26x1800x3600/T_1_26_1800_3600.f32,orisz,0.001,673920000,33193750,20.302617,168480000,38484695,21.390006,8.223278,CESM-ATM
CESM-ATM/SDRBENCH-CESM-ATM-26x1800x3600/T_1_26_1800_3600.f32,zfp,0.001,673920000,156209152,4.314215853370742,/,/,6.12153434753418,3.305751085281372,CESM-ATM
CESM-ATM/SDRBENCH-CESM-ATM-26x1800x3600/T_1_26_1800_3600.f32,adt_fse,0.01,673920000,8669037,77.738738,168480000,9104326,17.965342,16.286731,CESM-ATM
CESM-ATM/SDRBENCH-CESM-ATM-26x1800x3600/T_1_26_1800_3600.f32,lpaq,0.01,673920000,7132180,94.490044,168480000,7131901,407.947746,400.353666,CESM-ATM
CESM-ATM/SDRBENCH-CESM-ATM-26x1800x3600/T_1_26_1800_3600.f32,mac,0.01,673920000,6721662,100.260918,168480000,6721392,42.939256,39.445263,CESM-ATM
CESM-ATM/SDRBENCH-CESM-ATM-26x1800x3600/T_1_26_1800_3600.f32,orisz,0.01,673920000,6585830,102.328788,168480000,23183864,17.715441000000006,6.636956,CESM-ATM
CESM-ATM/SDRBENCH-CESM-ATM-26x1800x3600/T_1_26_1800_3600.f32,zfp,0.01,673920000,144018152,4.679410134355842,/,/,5.052703857421875,3.220797061920166,CESM-ATM
CESM-ATM/SDRBENCH-CESM-ATM-26x1800x3600/VD01_1_26_1800_3600.f32,adt_fse,0.0001,673920000,235743408,2.858701,168480000,231887152,108.938231,20.780927,CESM-ATM
CESM-ATM/SDRBENCH-CESM-ATM-26x1800x3600/VD01_1_26_1800_3600.f32,lpaq,0.0001,673920000,193073614,3.490482,168480000,187935456,634.1101480000002,583.444067,CESM-ATM
CESM-ATM/SDRBENCH-CESM-ATM-26x1800x3600/VD01_1_26_1800_3600.f32,mac,0.0001,673920000,221431027,3.043476,168480000,216294791,223.064145,159.571008,CESM-ATM
CESM-ATM/SDRBENCH-CESM-ATM-26x1800x3600/VD01_1_26_1800_3600.f32,orisz,0.0001,673920000,227810397,2.95825,168480000,232458662,103.580451,14.145651,CESM-ATM
CESM-ATM/SDRBENCH-CESM-ATM-26x1800x3600/VD01_1_26_1800_3600.f32,zfp,0.0001,673920000,389656576,1.729522973583795,/,/,7.848988056182861,7.106608629226685,CESM-ATM
CESM-ATM/SDRBENCH-CESM-ATM-26x1800x3600/VD01_1_26_1800_3600.f32,adt_fse,0.001,673920000,166196837,4.054951,168480000,163001642,77.83835400000002,19.509802,CESM-ATM
CESM-ATM/SDRBENCH-CESM-ATM-26x1800x3600/VD01_1_26_1800_3600.f32,lpaq,0.001,673920000,130782063,5.153,168480000,127527680,553.3730410000002,511.9155070000001,CESM-ATM
CESM-ATM/SDRBENCH-CESM-ATM-26x1800x3600/VD01_1_26_1800_3600.f32,mac,0.001,673920000,141381334,4.766683,168480000,138125760,143.595055,119.095933,CESM-ATM
CESM-ATM/SDRBENCH-CESM-ATM-26x1800x3600/VD01_1_26_1800_3600.f32,orisz,0.001,673920000,156408992,4.308704,168480000,163271019,67.453847,11.026613,CESM-ATM
CESM-ATM/SDRBENCH-CESM-ATM-26x1800x3600/VD01_1_26_1800_3600.f32,zfp,0.001,673920000,389647064,1.729565194413989,/,/,6.206851005554199,8.300641059875487,CESM-ATM
CESM-ATM/SDRBENCH-CESM-ATM-26x1800x3600/VD01_1_26_1800_3600.f32,adt_fse,0.01,673920000,105081209,6.4133260000000005,168480000,99717682,46.835337,18.570967,CESM-ATM
CESM-ATM/SDRBENCH-CESM-ATM-26x1800x3600/VD01_1_26_1800_3600.f32,lpaq,0.01,673920000,84694246,7.957092999999999,168480000,79313045,438.98367,427.62531,CESM-ATM
CESM-ATM/SDRBENCH-CESM-ATM-26x1800x3600/VD01_1_26_1800_3600.f32,mac,0.01,673920000,83077007,8.111991999999999,168480000,77690486,94.565325,77.566176,CESM-ATM
CESM-ATM/SDRBENCH-CESM-ATM-26x1800x3600/VD01_1_26_1800_3600.f32,orisz,0.01,673920000,96450691,6.987197,168480000,99987031,45.78100000000001,9.606992,CESM-ATM
CESM-ATM/SDRBENCH-CESM-ATM-26x1800x3600/VD01_1_26_1800_3600.f32,zfp,0.01,673920000,321985456,2.0930137912813054,/,/,5.624626398086548,6.539854526519775,CESM-ATM
CESM-ATM/SDRBENCH-CESM-ATM-26x1800x3600/VU_1_26_1800_3600.f32,adt_fse,0.0001,673920000,212055051,3.178043,168480000,212860395,92.780414,20.194674,CESM-ATM
CESM-ATM/SDRBENCH-CESM-ATM-26x1800x3600/VU_1_26_1800_3600.f32,lpaq,0.0001,673920000,163764276,4.115183,168480000,160512839,622.6144019999998,574.630014,CESM-ATM
CESM-ATM/SDRBENCH-CESM-ATM-26x1800x3600/VU_1_26_1800_3600.f32,mac,0.0001,673920000,198915056,3.387979,168480000,195662691,193.896037,157.151059,CESM-ATM
CESM-ATM/SDRBENCH-CESM-ATM-26x1800x3600/VU_1_26_1800_3600.f32,orisz,0.0001,673920000,205893744,3.273145,168480000,213423882,87.018736,13.079564,CESM-ATM
CESM-ATM/SDRBENCH-CESM-ATM-26x1800x3600/VU_1_26_1800_3600.f32,zfp,0.0001,673920000,376344576,1.7906993828974431,/,/,7.276360511779785,10.833034753799438,CESM-ATM
CESM-ATM/SDRBENCH-CESM-ATM-26x1800x3600/VU_1_26_1800_3600.f32,adt_fse,0.001,673920000,145290725,4.638424,168480000,141914428,74.658353,18.41887,CESM-ATM
CESM-ATM/SDRBENCH-CESM-ATM-26x1800x3600/VU_1_26_1800_3600.f32,lpaq,0.001,673920000,108496010,6.211473000000002,168480000,102851411,485.556811,496.10434800000013,CESM-ATM
CESM-ATM/SDRBENCH-CESM-ATM-26x1800x3600/VU_1_26_1800_3600.f32,mac,0.001,673920000,116990418,5.760472,168480000,111346146,129.914673,106.939574,CESM-ATM
CESM-ATM/SDRBENCH-CESM-ATM-26x1800x3600/VU_1_26_1800_3600.f32,orisz,0.001,673920000,132401843,5.089959,168480000,142370604,70.647463,10.724202,CESM-ATM
CESM-ATM/SDRBENCH-CESM-ATM-26x1800x3600/VU_1_26_1800_3600.f32,zfp,0.001,673920000,376339528,1.7907234022996383,/,/,6.87053918838501,5.75511908531189,CESM-ATM
CESM-ATM/SDRBENCH-CESM-ATM-26x1800x3600/VU_1_26_1800_3600.f32,adt_fse,0.01,673920000,87797422,7.675852000000001,168480000,84802414,40.225297,18.369808,CESM-ATM
CESM-ATM/SDRBENCH-CESM-ATM-26x1800x3600/VU_1_26_1800_3600.f32,lpaq,0.01,673920000,70188513,9.601571,168480000,66514581,436.219608,428.82839800000005,CESM-ATM
CESM-ATM/SDRBENCH-CESM-ATM-26x1800x3600/VU_1_26_1800_3600.f32,mac,0.01,673920000,68739998,9.803899,168480000,65066010,86.26218100000001,74.771493,CESM-ATM
CESM-ATM/SDRBENCH-CESM-ATM-26x1800x3600/VU_1_26_1800_3600.f32,orisz,0.01,673920000,79516976,8.475171000000001,168480000,85745543,44.151372,9.098468,CESM-ATM
CESM-ATM/SDRBENCH-CESM-ATM-26x1800x3600/VU_1_26_1800_3600.f32,zfp,0.01,673920000,308672968,2.18328156289993,/,/,5.816155910491943,4.719354391098023,CESM-ATM
EXAALT/SDRBENCH-exaalt-copper/dataset2-83x1077290.x.f32.dat,adt_fse,0.0001,357660280,118727534,3.012446,89415070,119764790,47.129844,135.13323,EXAALT
EXAALT/SDRBENCH-exaalt-copper/dataset2-83x1077290.x.f32.dat,lpaq,0.0001,357660280,112888186,3.16827,89415070,112626785,348.02742,318.151113,EXAALT
EXAALT/SDRBENCH-exaalt-copper/dataset2-83x1077290.x.f32.dat,mac,0.0001,357660280,120966286,2.956694,89415070,120705007,111.104654,84.867806,EXAALT
EXAALT/SDRBENCH-exaalt-copper/dataset2-83x1077290.x.f32.dat,orisz,0.0001,357660280,116900860,3.059518,89415070,121047291,39.53567,6.944186,EXAALT
EXAALT/SDRBENCH-exaalt-copper/dataset2-83x1077290.x.f32.dat,zfp,0.0001,357660280,255713152,1.3986776870983937,/,/,4.9935033321380615,4.969972848892212,EXAALT
EXAALT/SDRBENCH-exaalt-copper/dataset2-83x1077290.x.f32.dat,adt_fse,0.001,357660280,82305922,4.345499,89415070,81757488,34.96771,175.483398,EXAALT
EXAALT/SDRBENCH-exaalt-copper/dataset2-83x1077290.x.f32.dat,lpaq,0.001,357660280,75086538,4.763308,89415070,74366097,263.448403,264.318436,EXAALT
EXAALT/SDRBENCH-exaalt-copper/dataset2-83x1077290.x.f32.dat,mac,0.001,357660280,80868470,4.422741,89415070,80147868,77.36341800000002,66.412494,EXAALT
EXAALT/SDRBENCH-exaalt-copper/dataset2-83x1077290.x.f32.dat,orisz,0.001,357660280,78536371,4.554072,89415070,81684345,25.603463,5.181445,EXAALT
EXAALT/SDRBENCH-exaalt-copper/dataset2-83x1077290.x.f32.dat,zfp,0.001,357660280,210466904,1.6993659012535292,/,/,2.970898389816284,3.581132173538208,EXAALT
EXAALT/SDRBENCH-exaalt-copper/dataset2-83x1077290.x.f32.dat,adt_fse,0.01,357660280,46932720,7.620702,89415070,46659703,19.706867000000006,347.1056240000001,EXAALT
EXAALT/SDRBENCH-exaalt-copper/dataset2-83x1077290.x.f32.dat,lpaq,0.01,357660280,40513384,8.828201,89415070,40238969,229.010632,224.312775,EXAALT
EXAALT/SDRBENCH-exaalt-copper/dataset2-83x1077290.x.f32.dat,mac,0.01,357660280,41429927,8.632897,89415070,41155154,50.028622,44.563172,EXAALT
EXAALT/SDRBENCH-exaalt-copper/dataset2-83x1077290.x.f32.dat,orisz,0.01,357660280,43633396,8.196939,89415070,47093538,16.887432,4.584438,EXAALT
EXAALT/SDRBENCH-exaalt-copper/dataset2-83x1077290.x.f32.dat,zfp,0.01,357660280,176532208,2.0260341387674705,/,/,2.641697645187378,3.140530586242676,EXAALT
EXAALT/SDRBENCH-exaalt-copper/dataset2-83x1077290.y.f32.dat,adt_fse,0.0001,357660280,110159133,3.24676,89415070,108773158,43.886015,139.959566,EXAALT
EXAALT/SDRBENCH-exaalt-copper/dataset2-83x1077290.y.f32.dat,lpaq,0.0001,357660280,105549267,3.3885620000000003,89415070,103808830,333.086129,299.825804,EXAALT
EXAALT/SDRBENCH-exaalt-copper/dataset2-83x1077290.y.f32.dat,mac,0.0001,357660280,118545474,3.017072,89415070,116804460,104.94473899999998,77.047673,EXAALT
EXAALT/SDRBENCH-exaalt-copper/dataset2-83x1077290.y.f32.dat,orisz,0.0001,357660280,108064875,3.309681,89415070,108847169,32.620782,6.797249000000001,EXAALT
EXAALT/SDRBENCH-exaalt-copper/dataset2-83x1077290.y.f32.dat,zfp,0.0001,357660280,247740080,1.4436916303571066,/,/,4.98835015296936,4.144776821136476,EXAALT
EXAALT/SDRBENCH-exaalt-copper/dataset2-83x1077290.y.f32.dat,adt_fse,0.001,357660280,72619043,4.9251580000000015,89415070,71644234,30.387352000000003,187.573497,EXAALT
EXAALT/SDRBENCH-exaalt-copper/dataset2-83x1077290.y.f32.dat,lpaq,0.001,357660280,67600877,5.290764,89415070,66607674,261.591154,256.172998,EXAALT
EXAALT/SDRBENCH-exaalt-copper/dataset2-83x1077290.y.f32.dat,mac,0.001,357660280,70615159,5.064922,89415070,69621851,71.17435,57.705324,EXAALT
EXAALT/SDRBENCH-exaalt-copper/dataset2-83x1077290.y.f32.dat,orisz,0.001,357660280,71034260,5.035039,89415070,71952589,22.108936,5.172443,EXAALT
EXAALT/SDRBENCH-exaalt-copper/dataset2-83x1077290.y.f32.dat,zfp,0.001,357660280,202493824,1.766277474220646,/,/,3.709673404693604,3.5071730613708496,EXAALT
EXAALT/SDRBENCH-exaalt-copper/dataset2-83x1077290.y.f32.dat,adt_fse,0.01,357660280,37815100,9.458134,89415070,37211831,16.598467000000007,356.985638,EXAALT
EXAALT/SDRBENCH-exaalt-copper/dataset2-83x1077290.y.f32.dat,lpaq,0.01,357660280,33441650,10.695055,89415070,32839176,235.826129,230.913947,EXAALT
EXAALT/SDRBENCH-exaalt-copper/dataset2-83x1077290.y.f32.dat,mac,0.01,357660280,32815828,10.899017,89415070,32213839,47.305426,39.067831,EXAALT
EXAALT/SDRBENCH-exaalt-copper/dataset2-83x1077290.y.f32.dat,orisz,0.01,357660280,36332536,9.844077,89415070,37919008,13.547515,4.177881,EXAALT
EXAALT/SDRBENCH-exaalt-copper/dataset2-83x1077290.y.f32.dat,zfp,0.01,357660280,168559136,2.121868256372648,/,/,2.761349439620972,3.3741283416748047,EXAALT
EXAALT/SDRBENCH-exaalt-copper/dataset2-83x1077290.z.f32.dat,adt_fse,0.0001,357660280,137980591,2.592106,89415070,139290151,54.450777,73.280963,EXAALT
EXAALT/SDRBENCH-exaalt-copper/dataset2-83x1077290.z.f32.dat,lpaq,0.0001,357660280,136889915,2.6127580000000004,89415070,136209311,364.846372,323.1461470000001,EXAALT
EXAALT/SDRBENCH-exaalt-copper/dataset2-83x1077290.z.f32.dat,mac,0.0001,357660280,147299732,2.428112,89415070,146619359,110.588698,80.81473100000002,EXAALT
EXAALT/SDRBENCH-exaalt-copper/dataset2-83x1077290.z.f32.dat,orisz,0.0001,357660280,136244414,2.625137,89415070,139296345,43.465566,7.411644,EXAALT
EXAALT/SDRBENCH-exaalt-copper/dataset2-83x1077290.z.f32.dat,zfp,0.0001,357660280,263061864,1.359605206781322,/,/,3.231207609176636,9.674091815948486,EXAALT
EXAALT/SDRBENCH-exaalt-copper/dataset2-83x1077290.z.f32.dat,adt_fse,0.001,357660280,102355701,3.494288,89415070,102415360,37.985266,64.609121,EXAALT
EXAALT/SDRBENCH-exaalt-copper/dataset2-83x1077290.z.f32.dat,lpaq,0.001,357660280,99155480,3.607065,89415070,98854233,293.5701410000001,272.204635,EXAALT
EXAALT/SDRBENCH-exaalt-copper/dataset2-83x1077290.z.f32.dat,mac,0.001,357660280,104335541,3.427981,89415070,104035957,80.315687,69.351197,EXAALT
EXAALT/SDRBENCH-exaalt-copper/dataset2-83x1077290.z.f32.dat,orisz,0.001,357660280,100440779,3.560907,89415070,102252449,29.223207,5.293268,EXAALT
EXAALT/SDRBENCH-exaalt-copper/dataset2-83x1077290.z.f32.dat,zfp,0.001,357660280,217815608,1.6420323744660208,/,/,2.9338738918304443,5.035897493362427,EXAALT
EXAALT/SDRBENCH-exaalt-copper/dataset2-83x1077290.z.f32.dat,adt_fse,0.01,357660280,65594985,5.452555,89415070,64414078,23.19192,65.005904,EXAALT
EXAALT/SDRBENCH-exaalt-copper/dataset2-83x1077290.z.f32.dat,lpaq,0.01,357660280,62853804,5.690352,89415070,61672387,247.59984900000003,232.333815,EXAALT
EXAALT/SDRBENCH-exaalt-copper/dataset2-83x1077290.z.f32.dat,mac,0.01,357660280,63662007,5.618112,89415070,62478995,45.41015,34.295987,EXAALT
EXAALT/SDRBENCH-exaalt-copper/dataset2-83x1077290.z.f32.dat,orisz,0.01,357660280,64562713,5.539733999999998,89415070,64724038,18.707843,4.608926,EXAALT
EXAALT/SDRBENCH-exaalt-copper/dataset2-83x1077290.z.f32.dat,zfp,0.01,357660280,183880920,1.9450646646753784,/,/,2.7208218574523926,6.3161354064941415,EXAALT
HACC/280953867/vx.f32,adt_fse,0.0001,1123815468,500803732,2.244024,280953867,478928351,224.39462200000003,44.193578,HACC
HACC/280953867/vx.f32,lpaq,0.0001,1123815468,488387449,2.3010740000000003,280953867,466512041,1081.265732,958.896378,HACC
HACC/280953867/vx.f32,mac,0.0001,1123815468,520123681,2.16067,280953867,498248202,432.430788,283.86032,HACC
HACC/280953867/vx.f32,orisz,0.0001,1123815468,500764680,2.244199,280953867,480054570,186.193654,28.0882,HACC
HACC/280953867/vx.f32,zfp,0.0001,1123815468,910493344,1.2342928978072794,/,/,17.844526529312137,20.89469838142395,HACC
HACC/280953867/vx.f32,adt_fse,0.001,1123815468,384742510,2.920955,280953867,358988014,190.073803,42.037447,HACC
HACC/280953867/vx.f32,lpaq,0.001,1123815468,370762563,3.031092,280953867,345007996,954.151205,836.683174,HACC
HACC/280953867/vx.f32,mac,0.001,1123815468,393922743,2.8528830000000003,280953867,368168291,336.884673,215.651808,HACC
HACC/280953867/vx.f32,orisz,0.001,1123815468,384463707,2.923073,280953867,358751709,144.273087,19.671141,HACC
HACC/280953867/vx.f32,zfp,0.001,1123815468,770016728,1.4594689013041804,/,/,16.129738092422485,18.89183616638184,HACC
HACC/280953867/vx.f32,adt_fse,0.01,1123815468,266439750,4.217897,280953867,244003621,139.846778,58.58939300000001,HACC
HACC/280953867/vx.f32,lpaq,0.01,1123815468,250631936,4.483928,280953867,228200315,830.707452,731.655782,HACC
HACC/280953867/vx.f32,mac,0.01,1123815468,256373014,4.3835169999999986,280953867,233939811,225.293831,162.340675,HACC
HACC/280953867/vx.f32,orisz,0.01,1123815468,265890769,4.2266059999999985,280953867,244324957,102.374148,16.436428,HACC
HACC/280953867/vx.f32,zfp,0.01,1123815468,664659024,1.6908150305952967,/,/,15.277387142181395,16.557320833206177,HACC
HACC/280953867/vy.f32,adt_fse,0.0001,1123815468,499636048,2.249268,280953867,477579387,221.40933,43.972402,HACC
HACC/280953867/vy.f32,lpaq,0.0001,1123815468,487108281,2.307116,280953867,465047089,1136.959083,1021.796909,HACC
HACC/280953867/vy.f32,mac,0.0001,1123815468,519250559,2.164303,280953867,497189864,434.76509,291.375257,HACC
HACC/280953867/vy.f32,orisz,0.0001,1123815468,499597625,2.249441,280953867,478701277,188.725951,29.242303000000003,HACC
HACC/280953867/vy.f32,zfp,0.0001,1123815468,910002952,1.2349580465976335,/,/,18.9046277999878,23.56397581100464,HACC
HACC/280953867/vy.f32,adt_fse,0.001,1123815468,382754279,2.936128,280953867,357871106,197.758971,41.839451,HACC
HACC/280953867/vy.f32,lpaq,0.001,1123815468,368355269,3.050901,280953867,343472035,1004.7646,866.202117,HACC
HACC/280953867/vy.f32,mac,0.001,1123815468,391841722,2.868034,280953867,366954507,325.0496970000001,220.639267,HACC
HACC/280953867/vy.f32,orisz,0.001,1123815468,382481614,2.938221,280953867,357637379,143.769401,20.504018,HACC
HACC/280953867/vy.f32,zfp,0.001,1123815468,769526344,1.4603989541909692,/,/,15.94420337677002,23.182400226593018,HACC
HACC/280953867/vy.f32,adt_fse,0.01,1123815468,264918311,4.242121,280953867,242850274,152.193229,55.464308,HACC
HACC/280953867/vy.f32,lpaq,0.01,1123815468,248724484,4.518315,280953867,226652967,851.151474,767.418564,HACC
HACC/280953867/vy.f32,mac,0.01,1123815468,254663869,4.412936,280953867,232598068,227.235517,164.099471,HACC
HACC/280953867/vy.f32,orisz,0.01,1123815468,264285049,4.252285,280953867,243184952,100.480682,16.996762,HACC
HACC/280953867/vy.f32,zfp,0.01,1123815468,664168640,1.6920634313598426,/,/,15.742438316345215,16.613076210021973,HACC
HACC/280953867/vz.f32,adt_fse,0.0001,1123815468,495625516,2.267469,280953867,475157521,224.81544900000003,43.816515,HACC
HACC/280953867/vz.f32,lpaq,0.0001,1123815468,482469775,2.329297,280953867,462000881,1144.093799,1028.246772,HACC
HACC/280953867/vz.f32,mac,0.0001,1123815468,515097210,2.181754,280953867,494627275,430.75738,284.035613,HACC
HACC/280953867/vz.f32,orisz,0.0001,1123815468,495549232,2.267818,280953867,476256681,183.198043,28.335051,HACC
HACC/280953867/vz.f32,zfp,0.0001,1123815468,908719528,1.2367022314062124,/,/,17.628826141357422,20.84688925743103,HACC
HACC/280953867/vz.f32,adt_fse,0.001,1123815468,379386758,2.962189,280953867,355362893,214.032346,42.001349,HACC
HACC/280953867/vz.f32,lpaq,0.001,1123815468,364773965,3.080854,280953867,340750885,945.886037,815.844526,HACC
HACC/280953867/vz.f32,mac,0.001,1123815468,388610240,2.891883,280953867,364559854,320.74939,223.141648,HACC
HACC/280953867/vz.f32,orisz,0.001,1123815468,379214422,2.963536,280953867,355228525,146.427309,19.024253,HACC
HACC/280953867/vz.f32,zfp,0.001,1123815468,768242896,1.4628387373984908,/,/,16.50667405128479,18.913157939910885,HACC
HACC/280953867/vz.f32,adt_fse,0.01,1123815468,261173680,4.302943,280953867,240210430,198.214339,39.581588,HACC
HACC/280953867/vz.f32,lpaq,0.01,1123815468,244938178,4.58816,280953867,223973397,843.375032,730.089759,HACC
HACC/280953867/vz.f32,mac,0.01,1123815468,250738649,4.482019,280953867,229774999,224.852151,162.247077,HACC
HACC/280953867/vz.f32,orisz,0.01,1123815468,260976735,4.30619,280953867,240525681,97.663035,16.087754,HACC
HACC/280953867/vz.f32,zfp,0.01,1123815468,662885200,1.6953395067501884,/,/,15.043861150741575,16.482049942016598,HACC
HACC/280953867/xx.f32,adt_fse,0.0001,1123815468,249373392,4.506557,280953867,244672443,127.359784,45.677988,HACC
HACC/280953867/xx.f32,lpaq,0.0001,1123815468,233411044,4.814748000000002,280953867,228401511,832.014063,761.351468,HACC
HACC/280953867/xx.f32,mac,0.0001,1123815468,237299472,4.735853,280953867,232285687,243.251754,187.232192,HACC
HACC/280953867/xx.f32,orisz,0.0001,1123815468,249308394,4.507732,280953867,245170726,93.1823,16.61309,HACC
HACC/280953867/xx.f32,zfp,0.0001,1123815468,180514816,6.225613458786674,/,/,16.55128812789917,6.028767347335815,HACC
HACC/280953867/xx.f32,adt_fse,0.001,1123815468,134230335,8.372291,280953867,131258055,121.979283,55.431155,HACC
HACC/280953867/xx.f32,lpaq,0.001,1123815468,118658728,9.470989,280953867,115417204,708.910797,685.382677,HACC
HACC/280953867/xx.f32,mac,0.001,1123815468,116711814,9.628978,280953867,113474888,144.724325,124.094744,HACC
HACC/280953867/xx.f32,orisz,0.001,1123815468,127667164,8.802698,280953867,132993498,63.37636800000001,14.458765,HACC
HACC/280953867/xx.f32,zfp,0.001,1123815468,180510720,6.225754725259532,/,/,16.05367922782898,6.945124387741089,HACC
HACC/280953867/xx.f32,adt_fse,0.01,1123815468,46050796,24.403823000000006,280953867,45936677,51.477642,38.926638,HACC
HACC/280953867/xx.f32,lpaq,0.01,1123815468,36103411,31.127681,280953867,33913734,676.2212049999998,659.4331940000002,HACC
HACC/280953867/xx.f32,mac,0.01,1123815468,35127219,31.992725,280953867,32936882,76.27679499999998,69.172001,HACC
HACC/280953867/xx.f32,orisz,0.01,1123815468,38001211,29.573149,280953867,54586116,38.566276,11.595398,HACC
HACC/280953867/xx.f32,zfp,0.01,1123815468,53760000,20.904305580357143,/,/,14.290356874465942,2.8750112056732178,HACC
HACC/280953867/yy.f32,adt_fse,0.0001,1123815468,187076564,6.007249,280953867,181747698,131.152213,36.84673,HACC
HACC/280953867/yy.f32,lpaq,0.0001,1123815468,170616242,6.5868020000000005,280953867,164893847,744.533043,706.561343,HACC
HACC/280953867/yy.f32,mac,0.0001,1123815468,170124196,6.605853,280953867,164398286,189.004143,154.525023,HACC
HACC/280953867/yy.f32,orisz,0.0001,1123815468,184865398,6.0791010000000005,280953867,182812194,73.93483499999998,14.278072,HACC
HACC/280953867/yy.f32,zfp,0.0001,1123815468,774131712,1.4517109305554454,/,/,16.82417893409729,18.04068875312805,HACC
HACC/280953867/yy.f32,adt_fse,0.001,1123815468,81860054,13.728497,280953867,79680016,43.426614,35.64197,HACC
HACC/280953867/yy.f32,lpaq,0.001,1123815468,67563017,16.633589,280953867,64215489,676.302915,659.711358,HACC
HACC/280953867/yy.f32,mac,0.001,1123815468,67303530,16.69772,280953867,63956405,97.993057,81.291742,HACC
HACC/280953867/yy.f32,orisz,0.001,1123815468,72925660,15.410426,280953867,81362767,44.532669,12.730852,HACC
HACC/280953867/yy.f32,zfp,0.001,1123815468,633864376,1.7729588703057195,/,/,15.739349126815796,15.392598152160645,HACC
HACC/280953867/yy.f32,adt_fse,0.01,1123815468,20753330,54.151091,280953867,22984739,31.564866,35.863965,HACC
HACC/280953867/yy.f32,lpaq,0.01,1123815468,15239269,73.74471,280953867,14540108,604.542323,599.775644,HACC
HACC/280953867/yy.f32,mac,0.01,1123815468,14432221,77.868505,280953867,13733500,72.67166,66.094454,HACC
HACC/280953867/yy.f32,orisz,0.01,1123815468,15986986,70.295643,280953867,42439029,23.814142,9.755426,HACC
HACC/280953867/yy.f32,zfp,0.01,1123815468,528496544,2.1264386319241475,/,/,14.89247441291809,13.87018370628357,HACC
HACC/280953867/zz.f32,adt_fse,0.0001,1123815468,191111443,5.88042,280953867,187691212,82.914002,34.489071,HACC
HACC/280953867/zz.f32,lpaq,0.0001,1123815468,174913750,6.424969,280953867,171424167,749.742039,694.295596,HACC
HACC/280953867/zz.f32,mac,0.0001,1123815468,176957074,6.35078,280953867,173465831,206.184748,158.457819,HACC
HACC/280953867/zz.f32,orisz,0.0001,1123815468,189457956,5.9317410000000015,280953867,188871970,88.01003,15.508354999999998,HACC
HACC/280953867/zz.f32,zfp,0.0001,1123815468,281870336,3.986994459750458,/,/,18.708630800247192,7.97794508934021,HACC
HACC/280953867/zz.f32,adt_fse,0.001,1123815468,86002293,13.067273,280953867,82982886,78.998573,38.625075,HACC
HACC/280953867/zz.f32,lpaq,0.001,1123815468,72971875,15.400666,280953867,69039280,649.074856,651.219404,HACC
HACC/280953867/zz.f32,mac,0.001,1123815468,72766368,15.444161,280953867,68830171,100.036302,82.942972,HACC
HACC/280953867/zz.f32,orisz,0.001,1123815468,77879733,14.43014,280953867,84191638,45.357961,13.167117,HACC
HACC/280953867/zz.f32,zfp,0.001,1123815468,280715264,4.003399929118212,/,/,17.705971717834473,7.874068737030027,HACC
HACC/280953867/zz.f32,adt_fse,0.01,1123815468,22900278,49.074316,280953867,23778791,34.218975,37.235121,HACC
HACC/280953867/zz.f32,lpaq,0.01,1123815468,17298798,64.964945,280953867,16437310,606.5959650000002,622.247813,HACC
HACC/280953867/zz.f32,mac,0.01,1123815468,16634787,67.558152,280953867,15773527,70.07514,64.873029,HACC
HACC/280953867/zz.f32,orisz,0.01,1123815468,18132522,61.97789100000001,280953867,42702471,27.343698,10.137472,HACC
HACC/280953867/zz.f32,zfp,0.01,1123815468,280711168,4.00345834477095,/,/,14.916656494140625,7.917081117630005,HACC
HurricaneISABEL/100x500x500/PRECIPf48.bin.f32,adt_fse,0.0001,100000000,33329791,3.000319,25000000,32321901,9.88499,66.24995799999999,Hurricane
HurricaneISABEL/100x500x500/PRECIPf48.bin.f32,lpaq,0.0001,100000000,30780493,3.248811,25000000,30029017,93.640897,90.403042,Hurricane
HurricaneISABEL/100x500x500/PRECIPf48.bin.f32,mac,0.0001,100000000,33833762,2.955628,25000000,33082833,27.938592,24.561127,Hurricane
HurricaneISABEL/100x500x500/PRECIPf48.bin.f32,orisz,0.0001,100000000,34088090,2.933576,25000000,35544586,10.688954,2.067614,Hurricane
HurricaneISABEL/100x500x500/PRECIPf48.bin.f32,zfp,0.0001,100000000,59890488,1.669714229077579,/,/,0.9790101051330566,1.0789856910705566,Hurricane
HurricaneISABEL/100x500x500/PRECIPf48.bin.f32,adt_fse,0.001,100000000,22492065,4.4460120000000005,25000000,22010704,6.37636,61.402633,Hurricane
HurricaneISABEL/100x500x500/PRECIPf48.bin.f32,lpaq,0.001,100000000,20125820,4.968742,25000000,19625870,74.993072,74.81860999999998,Hurricane
HurricaneISABEL/100x500x500/PRECIPf48.bin.f32,mac,0.001,100000000,21683050,4.611897,25000000,21184013,20.423484,18.660696,Hurricane
HurricaneISABEL/100x500x500/PRECIPf48.bin.f32,orisz,0.001,100000000,22316440,4.481001,25000000,22222493,5.6752660000000015,1.563205,Hurricane
HurricaneISABEL/100x500x500/PRECIPf48.bin.f32,zfp,0.001,100000000,47405488,2.1094604067782194,/,/,0.8536689281463623,1.1494035720825195,Hurricane
HurricaneISABEL/100x500x500/PRECIPf48.bin.f32,adt_fse,0.01,100000000,13949259,7.1688399999999985,25000000,13594833,4.575842,61.055235,Hurricane
HurricaneISABEL/100x500x500/PRECIPf48.bin.f32,lpaq,0.01,100000000,12410400,8.057758,25000000,12049857,65.776494,64.24170600000001,Hurricane
HurricaneISABEL/100x500x500/PRECIPf48.bin.f32,mac,0.01,100000000,12429017,8.045689,25000000,12067700,14.632008,13.843476,Hurricane
HurricaneISABEL/100x500x500/PRECIPf48.bin.f32,orisz,0.01,100000000,13490635,7.41255,25000000,13707539,3.917103,1.3903,Hurricane
HurricaneISABEL/100x500x500/PRECIPf48.bin.f32,zfp,0.01,100000000,38073232,2.6265172339453606,/,/,0.7700014114379883,0.655113935470581,Hurricane
HurricaneISABEL/100x500x500/PRECIPf48.log10.bin.f32,adt_fse,0.0001,100000000,19870125,5.032681,25000000,19527110,6.518159,58.102999,Hurricane
HurricaneISABEL/100x500x500/PRECIPf48.log10.bin.f32,lpaq,0.0001,100000000,17724499,5.641908,25000000,17369032,72.485985,68.772554,Hurricane
HurricaneISABEL/100x500x500/PRECIPf48.log10.bin.f32,mac,0.0001,100000000,18590660,5.379045,25000000,18235226,19.988334,20.183758,Hurricane
HurricaneISABEL/100x500x500/PRECIPf48.log10.bin.f32,orisz,0.0001,100000000,19668668,5.084228,25000000,19672016,5.713951,1.582967,Hurricane
HurricaneISABEL/100x500x500/PRECIPf48.log10.bin.f32,zfp,0.0001,100000000,52535536,1.9034734888780804,/,/,0.9581966400146484,0.7427234649658203,Hurricane
HurricaneISABEL/100x500x500/PRECIPf48.log10.bin.f32,adt_fse,0.001,100000000,12012534,8.324638,25000000,11545081,4.707952,58.58009000000001,Hurricane
HurricaneISABEL/100x500x500/PRECIPf48.log10.bin.f32,lpaq,0.001,100000000,10809903,9.250777,25000000,10339359,65.66706500000001,63.430719,Hurricane
HurricaneISABEL/100x500x500/PRECIPf48.log10.bin.f32,mac,0.001,100000000,10540496,9.48722,25000000,10070255,13.78306,12.370078,Hurricane
HurricaneISABEL/100x500x500/PRECIPf48.log10.bin.f32,orisz,0.001,100000000,11663780,8.57355,25000000,11722774,3.767174,1.520165,Hurricane
HurricaneISABEL/100x500x500/PRECIPf48.log10.bin.f32,zfp,0.001,100000000,40041792,2.4973907261692982,/,/,0.8472409248352051,0.6636776924133301,Hurricane
HurricaneISABEL/100x500x500/PRECIPf48.log10.bin.f32,adt_fse,0.01,100000000,7296858,13.704529,25000000,6974705,3.349429,56.918436,Hurricane
HurricaneISABEL/100x500x500/PRECIPf48.log10.bin.f32,lpaq,0.01,100000000,6586167,15.183338,25000000,6263417,60.508729,61.048649,Hurricane
HurricaneISABEL/100x500x500/PRECIPf48.log10.bin.f32,mac,0.01,100000000,6634930,15.071749,25000000,6311420,7.693536999999999,6.741001,Hurricane
HurricaneISABEL/100x500x500/PRECIPf48.log10.bin.f32,orisz,0.01,100000000,6832463,14.63601,25000000,7111456,3.009698,1.462596,Hurricane
HurricaneISABEL/100x500x500/PRECIPf48.log10.bin.f32,zfp,0.01,100000000,30694152,3.2579495924826336,/,/,0.7297377586364746,0.564439058303833,Hurricane
HurricaneISABEL/100x500x500/QCLOUDf48.bin.f32,adt_fse,0.0001,100000000,9333966,10.713559,25000000,8985447,3.704791,65.551253,Hurricane
HurricaneISABEL/100x500x500/QCLOUDf48.bin.f32,lpaq,0.0001,100000000,8473114,11.802036,25000000,8385003,70.07774599999999,69.641459,Hurricane
HurricaneISABEL/100x500x500/QCLOUDf48.bin.f32,mac,0.0001,100000000,9430619,10.603758,25000000,9341093,24.00714,23.016645,Hurricane
HurricaneISABEL/100x500x500/QCLOUDf48.bin.f32,orisz,0.0001,100000000,10881691,9.189748,25000000,14922965,7.1405509999999985,0.8725879999999999,Hurricane
HurricaneISABEL/100x500x500/QCLOUDf48.bin.f32,zfp,0.0001,100000000,9599648,10.417048625116255,/,/,0.9664475917816162,0.3442115783691406,Hurricane
HurricaneISABEL/100x500x500/QCLOUDf48.bin.f32,adt_fse,0.001,100000000,7981396,12.529137,25000000,7772591,3.137683,62.368811,Hurricane
HurricaneISABEL/100x500x500/QCLOUDf48.bin.f32,lpaq,0.001,100000000,6996999,14.291841,25000000,6959112,65.94822099999999,65.797264,Hurricane
HurricaneISABEL/100x500x500/QCLOUDf48.bin.f32,mac,0.001,100000000,7090778,14.102825,25000000,7052660,20.225047,19.407613,Hurricane
HurricaneISABEL/100x500x500/QCLOUDf48.bin.f32,orisz,0.001,100000000,7862144,12.719177,25000000,9608586,5.365113,0.715087,Hurricane
HurricaneISABEL/100x500x500/QCLOUDf48.bin.f32,zfp,0.001,100000000,7913616,12.636448369493792,/,/,0.2334973812103271,0.3018112182617187,Hurricane
HurricaneISABEL/100x500x500/QCLOUDf48.bin.f32,adt_fse,0.01,100000000,6309564,15.848956,25000000,6363594,2.777833,62.99885,Hurricane
HurricaneISABEL/100x500x500/QCLOUDf48.bin.f32,lpaq,0.01,100000000,4768045,20.972956,25000000,4726761,60.950373,61.890009,Hurricane
HurricaneISABEL/100x500x500/QCLOUDf48.bin.f32,mac,0.01,100000000,4810210,20.789113,25000000,4768069,15.632547,15.467425,Hurricane
HurricaneISABEL/100x500x500/QCLOUDf48.bin.f32,orisz,0.01,100000000,5453220,18.337789,25000000,6878898,2.696937,0.6085510000000001,Hurricane
HurricaneISABEL/100x500x500/QCLOUDf48.bin.f32,zfp,0.01,100000000,6648016,15.042081727841813,/,/,0.2381606101989746,0.8034307956695557,Hurricane
HurricaneISABEL/100x500x500/QCLOUDf48.log10.bin.f32,adt_fse,0.0001,100000000,7946566,12.584052,25000000,8023186,3.494586,63.234097,Hurricane
HurricaneISABEL/100x500x500/QCLOUDf48.log10.bin.f32,lpaq,0.0001,100000000,6300639,15.871406,25000000,6261695,64.668056,62.384637,Hurricane
HurricaneISABEL/100x500x500/QCLOUDf48.log10.bin.f32,mac,0.0001,100000000,6544791,15.279327,25000000,6505772,18.488645,18.177289,Hurricane
HurricaneISABEL/100x500x500/QCLOUDf48.log10.bin.f32,orisz,0.0001,100000000,7366957,13.574126,25000000,8727680,3.652019,1.231563,Hurricane
HurricaneISABEL/100x500x500/QCLOUDf48.log10.bin.f32,zfp,0.0001,100000000,12057480,8.293606956014026,/,/,0.8251922130584717,0.5568041801452637,Hurricane
HurricaneISABEL/100x500x500/QCLOUDf48.log10.bin.f32,adt_fse,0.001,100000000,6171019,16.204779000000002,25000000,6150967,3.463397,60.493844,Hurricane
HurricaneISABEL/100x500x500/QCLOUDf48.log10.bin.f32,lpaq,0.001,100000000,4749806,21.053491,25000000,4623134,61.53700600000001,60.115008,Hurricane
HurricaneISABEL/100x500x500/QCLOUDf48.log10.bin.f32,mac,0.001,100000000,4653454,21.489414,25000000,4529370,13.87568,13.860106,Hurricane
HurricaneISABEL/100x500x500/QCLOUDf48.log10.bin.f32,orisz,0.001,100000000,5327851,18.769294,25000000,6621735,2.987772,1.190858,Hurricane
HurricaneISABEL/100x500x500/QCLOUDf48.log10.bin.f32,zfp,0.001,100000000,10030224,9.969867073756278,/,/,0.7173755168914795,1.265212059020996,Hurricane
HurricaneISABEL/100x500x500/QCLOUDf48.log10.bin.f32,adt_fse,0.01,100000000,4784900,20.899078,25000000,5000652,3.104479,63.48429599999999,Hurricane
HurricaneISABEL/100x500x500/QCLOUDf48.log10.bin.f32,lpaq,0.01,100000000,3656586,27.347914000000006,25000000,3629703,59.466724,59.091465,Hurricane
HurricaneISABEL/100x500x500/QCLOUDf48.log10.bin.f32,mac,0.01,100000000,3475381,28.773824,25000000,3448147,9.944847,9.391142,Hurricane
HurricaneISABEL/100x500x500/QCLOUDf48.log10.bin.f32,orisz,0.01,100000000,3917868,25.524086,25000000,5573241,2.686309,1.128648,Hurricane
HurricaneISABEL/100x500x500/QCLOUDf48.log10.bin.f32,zfp,0.01,100000000,8510168,11.750649340882573,/,/,0.6322672367095947,2.6698877811431885,Hurricane
HurricaneISABEL/100x500x500/QGRAUPf48.bin.f32,adt_fse,0.0001,100000000,33879322,2.951653,25000000,31768394,9.697761,60.798076,Hurricane
HurricaneISABEL/100x500x500/QGRAUPf48.bin.f32,lpaq,0.0001,100000000,31212128,3.2038830000000003,25000000,30602574,99.681236,91.497245,Hurricane
HurricaneISABEL/100x500x500/QGRAUPf48.bin.f32,mac,0.0001,100000000,35142052,2.845594,25000000,34532502,33.616941,28.066207,Hurricane
HurricaneISABEL/100x500x500/QGRAUPf48.bin.f32,orisz,0.0001,100000000,37133526,2.692984,25000000,44588101,17.010551,2.247997,Hurricane
HurricaneISABEL/100x500x500/QGRAUPf48.bin.f32,zfp,0.0001,100000000,60758680,1.6458553740798845,/,/,1.1147222518920898,0.9964714050292968,Hurricane
HurricaneISABEL/100x500x500/QGRAUPf48.bin.f32,adt_fse,0.001,100000000,23004658,4.346946,25000000,22789641,6.985625,63.446021,Hurricane
HurricaneISABEL/100x500x500/QGRAUPf48.bin.f32,lpaq,0.001,100000000,20420266,4.897096,25000000,20186385,77.176654,77.16260600000003,Hurricane
HurricaneISABEL/100x500x500/QGRAUPf48.bin.f32,mac,0.001,100000000,22437538,4.456817,25000000,22202864,23.016235,22.64165,Hurricane
HurricaneISABEL/100x500x500/QGRAUPf48.bin.f32,orisz,0.001,100000000,23265811,4.298152,25000000,24468285,8.190689,1.655693,Hurricane
HurricaneISABEL/100x500x500/QGRAUPf48.bin.f32,zfp,0.001,100000000,48279312,2.071280551802395,/,/,0.8924894332885742,0.8113853931427002,Hurricane
HurricaneISABEL/100x500x500/QGRAUPf48.bin.f32,adt_fse,0.01,100000000,14611898,6.843738,25000000,14526477,4.79558,226.145033,Hurricane
HurricaneISABEL/100x500x500/QGRAUPf48.bin.f32,lpaq,0.01,100000000,12839954,7.788189999999998,25000000,12751404,68.03801800000001,67.217722,Hurricane
HurricaneISABEL/100x500x500/QGRAUPf48.bin.f32,mac,0.01,100000000,13318609,7.508292,25000000,13230111,19.669474,18.813229,Hurricane
HurricaneISABEL/100x500x500/QGRAUPf48.bin.f32,orisz,0.01,100000000,14266827,7.009267,25000000,14758392,4.839799,1.358859,Hurricane
HurricaneISABEL/100x500x500/QGRAUPf48.bin.f32,zfp,0.01,100000000,38946560,2.5676208630492656,/,/,2.2742795944213867,5.006385803222656,Hurricane
HurricaneISABEL/100x500x500/QGRAUPf48.log10.bin.f32,adt_fse,0.0001,100000000,19629851,5.094282,25000000,19562153,5.71242,58.087088,Hurricane
HurricaneISABEL/100x500x500/QGRAUPf48.log10.bin.f32,lpaq,0.0001,100000000,17435362,5.7354699999999985,25000000,17349598,72.787988,72.829172,Hurricane
HurricaneISABEL/100x500x500/QGRAUPf48.log10.bin.f32,mac,0.0001,100000000,18790906,5.321723,25000000,18705632,22.001765,21.992165,Hurricane
HurricaneISABEL/100x500x500/QGRAUPf48.log10.bin.f32,orisz,0.0001,100000000,19548403,5.115507,25000000,19900954,7.153875,1.741748,Hurricane
HurricaneISABEL/100x500x500/QGRAUPf48.log10.bin.f32,zfp,0.0001,100000000,53506280,1.8689394964478936,/,/,0.9938979148864746,0.8979849815368652,Hurricane
HurricaneISABEL/100x500x500/QGRAUPf48.log10.bin.f32,adt_fse,0.001,100000000,12128673,8.244925,25000000,11693765,4.314061,58.743311,Hurricane
HurricaneISABEL/100x500x500/QGRAUPf48.log10.bin.f32,lpaq,0.001,100000000,10872004,9.197936,25000000,10433751,64.56521,64.467507,Hurricane
HurricaneISABEL/100x500x500/QGRAUPf48.log10.bin.f32,mac,0.001,100000000,10804019,9.255815,25000000,10366496,15.702587,14.462078,Hurricane
HurricaneISABEL/100x500x500/QGRAUPf48.log10.bin.f32,orisz,0.001,100000000,11858177,8.432999,25000000,11906263,3.581599,1.355741,Hurricane
HurricaneISABEL/100x500x500/QGRAUPf48.log10.bin.f32,zfp,0.001,100000000,41014936,2.43813619506806,/,/,0.822216272354126,0.6551434993743896,Hurricane
HurricaneISABEL/100x500x500/QGRAUPf48.log10.bin.f32,adt_fse,0.01,100000000,7605557,13.148281,25000000,7398675,3.40772,62.253299,Hurricane
HurricaneISABEL/100x500x500/QGRAUPf48.log10.bin.f32,lpaq,0.01,100000000,6778114,14.753366,25000000,6569530,60.82891400000001,61.249521,Hurricane
HurricaneISABEL/100x500x500/QGRAUPf48.log10.bin.f32,mac,0.01,100000000,6946558,14.395619,25000000,6737553,10.542738,8.647878,Hurricane
HurricaneISABEL/100x500x500/QGRAUPf48.log10.bin.f32,orisz,0.01,100000000,7210247,13.86915,25000000,7521616,2.923115,1.440792,Hurricane
HurricaneISABEL/100x500x500/QGRAUPf48.log10.bin.f32,zfp,0.01,100000000,31658384,3.158720925237372,/,/,0.735522985458374,0.5707676410675049,Hurricane
HurricaneISABEL/100x500x500/QRAINf48.bin.f32,adt_fse,0.0001,100000000,34388944,2.907911,25000000,31651682,10.651614,60.908023,Hurricane
HurricaneISABEL/100x500x500/QRAINf48.bin.f32,lpaq,0.0001,100000000,31492270,3.175382,25000000,30806385,95.941331,93.303778,Hurricane
HurricaneISABEL/100x500x500/QRAINf48.bin.f32,mac,0.0001,100000000,35370558,2.82721,25000000,34683885,31.787525,28.032691,Hurricane
HurricaneISABEL/100x500x500/QRAINf48.bin.f32,orisz,0.0001,100000000,38480762,2.598701,25000000,47221337,17.548420999999998,2.486933,Hurricane
HurricaneISABEL/100x500x500/QRAINf48.bin.f32,zfp,0.0001,100000000,60901176,1.6420044171232424,/,/,1.2488501071929932,0.8180918693542479,Hurricane
HurricaneISABEL/100x500x500/QRAINf48.bin.f32,adt_fse,0.001,100000000,23702518,4.218961,25000000,23167603,7.163392999999999,61.47787,Hurricane
HurricaneISABEL/100x500x500/QRAINf48.bin.f32,lpaq,0.001,100000000,21064609,4.747299,25000000,21019317,77.63215500000003,77.339883,Hurricane
HurricaneISABEL/100x500x500/QRAINf48.bin.f32,mac,0.001,100000000,23016589,4.344692,25000000,22971446,25.008641,23.062917,Hurricane
HurricaneISABEL/100x500x500/QRAINf48.bin.f32,orisz,0.001,100000000,24268782,4.12052,25000000,26433203,9.479738,1.657905,Hurricane
HurricaneISABEL/100x500x500/QRAINf48.bin.f32,zfp,0.001,100000000,48423976,2.065092713576432,/,/,0.913959264755249,0.72467041015625,Hurricane
HurricaneISABEL/100x500x500/QRAINf48.bin.f32,adt_fse,0.01,100000000,15633176,6.396653,25000000,15521796,5.469477,60.222719,Hurricane
HurricaneISABEL/100x500x500/QRAINf48.bin.f32,lpaq,0.01,100000000,13561239,7.373957000000001,25000000,13445692,70.657449,66.75120600000001,Hurricane
HurricaneISABEL/100x500x500/QRAINf48.bin.f32,mac,0.01,100000000,14201133,7.0416919999999985,25000000,14085488,18.919407,17.59659,Hurricane
HurricaneISABEL/100x500x500/QRAINf48.bin.f32,orisz,0.01,100000000,15151982,6.599797,25000000,15731756,4.727652,1.381824,Hurricane
HurricaneISABEL/100x500x500/QRAINf48.bin.f32,zfp,0.01,100000000,39092240,2.5580524421215056,/,/,0.7756891250610352,0.6408483982086182,Hurricane
HurricaneISABEL/100x500x500/QRAINf48.log10.bin.f32,adt_fse,0.0001,100000000,20343388,4.915602,25000000,20157412,5.996986,63.54028,Hurricane
HurricaneISABEL/100x500x500/QRAINf48.log10.bin.f32,lpaq,0.0001,100000000,17904538,5.5851760000000015,25000000,17703600,73.607342,78.173087,Hurricane
HurricaneISABEL/100x500x500/QRAINf48.log10.bin.f32,mac,0.0001,100000000,19416419,5.15028,25000000,19215892,20.942005,19.477002,Hurricane
HurricaneISABEL/100x500x500/QRAINf48.log10.bin.f32,orisz,0.0001,100000000,20204385,4.949421,25000000,20539198,5.092119,1.556794,Hurricane
HurricaneISABEL/100x500x500/QRAINf48.log10.bin.f32,zfp,0.0001,100000000,54005400,1.8516666851833328,/,/,0.9491779804229736,3.3141238689422607,Hurricane
HurricaneISABEL/100x500x500/QRAINf48.log10.bin.f32,adt_fse,0.001,100000000,12993175,7.696347999999999,25000000,12921394,4.537866,62.46288000000001,Hurricane
HurricaneISABEL/100x500x500/QRAINf48.log10.bin.f32,lpaq,0.001,100000000,11333048,8.823752,25000000,11257369,66.87894399999999,65.949469,Hurricane
HurricaneISABEL/100x500x500/QRAINf48.log10.bin.f32,mac,0.001,100000000,11427314,8.750963,25000000,11350534,15.625483,14.851897,Hurricane
HurricaneISABEL/100x500x500/QRAINf48.log10.bin.f32,orisz,0.001,100000000,12672969,7.890811,25000000,13149169,3.740307,1.353866,Hurricane
HurricaneISABEL/100x500x500/QRAINf48.log10.bin.f32,zfp,0.001,100000000,41516936,2.408655590576337,/,/,1.3256046772003174,1.0287249088287354,Hurricane
HurricaneISABEL/100x500x500/QRAINf48.log10.bin.f32,adt_fse,0.01,100000000,8039277,12.43893,25000000,8008322,3.522602,63.125092,Hurricane
HurricaneISABEL/100x500x500/QRAINf48.log10.bin.f32,lpaq,0.01,100000000,6929061,14.431970000000002,25000000,6889281,62.489063,60.824045,Hurricane
HurricaneISABEL/100x500x500/QRAINf48.log10.bin.f32,mac,0.01,100000000,6678637,14.973115,25000000,6639195,10.907535,10.053855,Hurricane
HurricaneISABEL/100x500x500/QRAINf48.log10.bin.f32,orisz,0.01,100000000,7471472,13.384243,25000000,8114833,2.786436,1.314949,Hurricane
HurricaneISABEL/100x500x500/QRAINf48.log10.bin.f32,zfp,0.01,100000000,32166256,3.1088479803182567,/,/,0.73988938331604,0.5736229419708252,Hurricane
HurricaneISABEL/100x500x500/QSNOWf48.bin.f32,adt_fse,0.0001,100000000,34196682,2.92426,25000000,32471242,9.566778,60.213247,Hurricane
HurricaneISABEL/100x500x500/QSNOWf48.bin.f32,lpaq,0.0001,100000000,31640290,3.160527,25000000,31152412,93.861312,89.48106800000002,Hurricane
HurricaneISABEL/100x500x500/QSNOWf48.bin.f32,mac,0.0001,100000000,35720281,2.79953,25000000,35230975,31.906414,27.911877,Hurricane
HurricaneISABEL/100x500x500/QSNOWf48.bin.f32,orisz,0.0001,100000000,37043745,2.699511,25000000,43825700,15.494454,2.26503,Hurricane
HurricaneISABEL/100x500x500/QSNOWf48.bin.f32,zfp,0.0001,100000000,60981280,1.6398475073006011,/,/,0.9802424907684326,0.8410627841949463,Hurricane
HurricaneISABEL/100x500x500/QSNOWf48.bin.f32,adt_fse,0.001,100000000,23370878,4.278829,25000000,23185984,6.698384,63.424878,Hurricane
HurricaneISABEL/100x500x500/QSNOWf48.bin.f32,lpaq,0.001,100000000,20923391,4.77934,25000000,20719615,76.531122,77.125043,Hurricane
HurricaneISABEL/100x500x500/QSNOWf48.bin.f32,mac,0.001,100000000,22921354,4.362744,25000000,22717502,23.826767,20.972381,Hurricane
HurricaneISABEL/100x500x500/QSNOWf48.bin.f32,orisz,0.001,100000000,23533257,4.249306,25000000,24794623,9.676526,1.924947,Hurricane
HurricaneISABEL/100x500x500/QSNOWf48.bin.f32,zfp,0.001,100000000,48500432,2.061837304871841,/,/,0.8869633674621582,0.7400288581848145,Hurricane
HurricaneISABEL/100x500x500/QSNOWf48.bin.f32,adt_fse,0.01,100000000,14719112,6.793888000000001,25000000,14652703,5.048816,226.368421,Hurricane
HurricaneISABEL/100x500x500/QSNOWf48.bin.f32,lpaq,0.01,100000000,13040302,7.668533999999998,25000000,12970437,67.042048,66.744612,Hurricane
HurricaneISABEL/100x500x500/QSNOWf48.bin.f32,mac,0.01,100000000,13463282,7.427608999999999,25000000,13393170,21.025235,17.577564000000002,Hurricane
HurricaneISABEL/100x500x500/QSNOWf48.bin.f32,orisz,0.01,100000000,14369724,6.959076,25000000,14839933,4.85235,1.377592,Hurricane
HurricaneISABEL/100x500x500/QSNOWf48.bin.f32,zfp,0.01,100000000,39169936,2.552978386280744,/,/,0.8117268085479736,0.6510822772979736,Hurricane
HurricaneISABEL/100x500x500/QSNOWf48.log10.bin.f32,adt_fse,0.0001,100000000,20334602,4.917726,25000000,20269376,5.90913,56.094473,Hurricane
HurricaneISABEL/100x500x500/QSNOWf48.log10.bin.f32,lpaq,0.0001,100000000,18180714,5.500334,25000000,18101510,70.614423,73.345793,Hurricane
HurricaneISABEL/100x500x500/QSNOWf48.log10.bin.f32,mac,0.0001,100000000,19656178,5.087459,25000000,19576618,21.434982,19.956712,Hurricane
HurricaneISABEL/100x500x500/QSNOWf48.log10.bin.f32,orisz,0.0001,100000000,20233282,4.942352,25000000,20629889,5.64762,1.557295,Hurricane
HurricaneISABEL/100x500x500/QSNOWf48.log10.bin.f32,zfp,0.0001,100000000,53750456,1.860449332746126,/,/,0.9873578548431396,1.0285906791687012,Hurricane
HurricaneISABEL/100x500x500/QSNOWf48.log10.bin.f32,adt_fse,0.001,100000000,12263848,8.154048,25000000,12238366,4.261574,63.132676,Hurricane
HurricaneISABEL/100x500x500/QSNOWf48.log10.bin.f32,lpaq,0.001,100000000,10958654,9.125208,25000000,10927255,65.89340899999999,65.525101,Hurricane
HurricaneISABEL/100x500x500/QSNOWf48.log10.bin.f32,mac,0.001,100000000,10950684,9.13185,25000000,10919380,15.832572,15.129548000000002,Hurricane
HurricaneISABEL/100x500x500/QSNOWf48.log10.bin.f32,orisz,0.001,100000000,12035266,8.308914999999999,25000000,12430362,3.586066,1.367223,Hurricane
HurricaneISABEL/100x500x500/QSNOWf48.log10.bin.f32,zfp,0.001,100000000,41258256,2.4237573202318585,/,/,0.872112512588501,0.6818413734436035,Hurricane
HurricaneISABEL/100x500x500/QSNOWf48.log10.bin.f32,adt_fse,0.01,100000000,7536458,13.268833,25000000,7359490,3.718023000000001,59.689072,Hurricane
HurricaneISABEL/100x500x500/QSNOWf48.log10.bin.f32,lpaq,0.01,100000000,6744879,14.826063,25000000,6565615,60.723195,59.819692,Hurricane
HurricaneISABEL/100x500x500/QSNOWf48.log10.bin.f32,mac,0.01,100000000,6907405,14.477217,25000000,6728629,9.646192999999998,8.75493,Hurricane
HurricaneISABEL/100x500x500/QSNOWf48.log10.bin.f32,orisz,0.01,100000000,7156953,13.972427,25000000,7487563,2.693057,1.283375,Hurricane
HurricaneISABEL/100x500x500/QSNOWf48.log10.bin.f32,zfp,0.01,100000000,31910416,3.13377299750652,/,/,1.0060949325561523,1.0284364223480225,Hurricane
HurricaneISABEL/100x500x500/QVAPORf48.bin.f32,adt_fse,0.0001,100000000,20339527,4.916535,25000000,19924705,6.421993,59.778397,Hurricane
HurricaneISABEL/100x500x500/QVAPORf48.bin.f32,lpaq,0.0001,100000000,18138472,5.5131440000000005,25000000,17700240,74.416325,67.939371,Hurricane
HurricaneISABEL/100x500x500/QVAPORf48.bin.f32,mac,0.0001,100000000,18483305,5.410288,25000000,18044317,16.445657999999998,14.923167,Hurricane
HurricaneISABEL/100x500x500/QVAPORf48.bin.f32,orisz,0.0001,100000000,20181870,4.954942,25000000,19983248,4.745748000000002,1.438387,Hurricane
HurricaneISABEL/100x500x500/QVAPORf48.bin.f32,zfp,0.0001,100000000,51377600,1.94637351686338,/,/,1.1474320888519287,0.7634773254394531,Hurricane
HurricaneISABEL/100x500x500/QVAPORf48.bin.f32,adt_fse,0.001,100000000,10881349,9.190037,25000000,10665617,3.984104,63.009339,Hurricane
HurricaneISABEL/100x500x500/QVAPORf48.bin.f32,lpaq,0.001,100000000,9804419,10.199482,25000000,9583904,60.34253199999999,60.31368000000001,Hurricane
HurricaneISABEL/100x500x500/QVAPORf48.bin.f32,mac,0.001,100000000,10121231,9.880221,25000000,9901340,10.179257000000002,8.916866,Hurricane
HurricaneISABEL/100x500x500/QVAPORf48.bin.f32,orisz,0.001,100000000,10684424,9.359419,25000000,10812579,3.18133,1.346968,Hurricane
HurricaneISABEL/100x500x500/QVAPORf48.bin.f32,zfp,0.001,100000000,38894704,2.5710441195284583,/,/,0.8327798843383789,0.6370530128479004,Hurricane
HurricaneISABEL/100x500x500/QVAPORf48.bin.f32,adt_fse,0.01,100000000,6191028,16.152406,25000000,6126582,3.17608,56.893902,Hurricane
HurricaneISABEL/100x500x500/QVAPORf48.bin.f32,lpaq,0.01,100000000,5792570,17.263494,25000000,5724285,59.48991700000001,57.565162,Hurricane
HurricaneISABEL/100x500x500/QVAPORf48.bin.f32,mac,0.01,100000000,5793105,17.2619,25000000,5724903,7.291733,6.590544,Hurricane
HurricaneISABEL/100x500x500/QVAPORf48.bin.f32,orisz,0.01,100000000,5907771,16.926858,25000000,6288361,2.364104,1.278593,Hurricane
HurricaneISABEL/100x500x500/QVAPORf48.bin.f32,zfp,0.01,100000000,29570008,3.381804969413603,/,/,0.9867551326751708,0.6161513328552246,Hurricane
HurricaneISABEL/100x500x500/TCf48.bin.f32,adt_fse,0.0001,100000000,14610114,6.8445740000000015,25000000,14189880,4.738174,64.68082199999999,Hurricane
HurricaneISABEL/100x500x500/TCf48.bin.f32,lpaq,0.0001,100000000,12405639,8.06085,25000000,11924216,63.805347,63.362873,Hurricane
HurricaneISABEL/100x500x500/TCf48.bin.f32,mac,0.0001,100000000,12520403,7.986963,25000000,12039261,15.932386,15.137883,Hurricane
HurricaneISABEL/100x500x500/TCf48.bin.f32,orisz,0.0001,100000000,14127566,7.078360000000001,25000000,14285766,3.772214,1.422407,Hurricane
HurricaneISABEL/100x500x500/TCf48.bin.f32,zfp,0.0001,100000000,44252504,2.2597591313702834,/,/,1.2129807472229004,1.016805648803711,Hurricane
HurricaneISABEL/100x500x500/TCf48.bin.f32,adt_fse,0.001,100000000,8655035,11.553968,25000000,8354870,3.603667,62.92093000000001,Hurricane
HurricaneISABEL/100x500x500/TCf48.bin.f32,lpaq,0.001,100000000,7445108,13.431639,25000000,7101797,60.10511700000001,63.563917,Hurricane
HurricaneISABEL/100x500x500/TCf48.bin.f32,mac,0.001,100000000,7166924,13.952987,25000000,6823453,10.862374,10.164537,Hurricane
HurricaneISABEL/100x500x500/TCf48.bin.f32,orisz,0.001,100000000,8082608,12.372244,25000000,8550482,2.995868,1.268142,Hurricane
HurricaneISABEL/100x500x500/TCf48.bin.f32,zfp,0.001,100000000,31769272,3.1476956727242595,/,/,0.8628318309783936,0.8689389228820801,Hurricane
HurricaneISABEL/100x500x500/TCf48.bin.f32,adt_fse,0.01,100000000,6143636,16.277006,25000000,5935559,3.127352,63.194922,Hurricane
HurricaneISABEL/100x500x500/TCf48.bin.f32,lpaq,0.01,100000000,5322915,18.786699,25000000,5072545,59.749885,59.26881,Hurricane
HurricaneISABEL/100x500x500/TCf48.bin.f32,mac,0.01,100000000,5357407,18.665746,25000000,5105866,7.276669999999998,6.447458,Hurricane
HurricaneISABEL/100x500x500/TCf48.bin.f32,orisz,0.01,100000000,5451692,18.342929,25000000,6085601,2.65876,1.225846,Hurricane
HurricaneISABEL/100x500x500/TCf48.bin.f32,zfp,0.01,100000000,22464064,4.4515542690761585,/,/,0.7274734973907471,0.7012574672698975,Hurricane
HurricaneISABEL/100x500x500/Uf48.bin.f32,adt_fse,0.0001,100000000,25450162,3.929248,25000000,24838086,6.921114,62.746579,Hurricane
HurricaneISABEL/100x500x500/Uf48.bin.f32,lpaq,0.0001,100000000,22380684,4.468139,25000000,21739551,79.497577,78.810765,Hurricane
HurricaneISABEL/100x500x500/Uf48.bin.f32,mac,0.0001,100000000,25025612,3.995906,25000000,24384945,24.422078,22.159074,Hurricane
HurricaneISABEL/100x500x500/Uf48.bin.f32,orisz,0.0001,100000000,25541420,3.915209,25000000,25459308,7.971682,1.961962,Hurricane
HurricaneISABEL/100x500x500/Uf48.bin.f32,zfp,0.0001,100000000,52786320,1.8944302235882329,/,/,0.9610283374786376,0.7507212162017822,Hurricane
HurricaneISABEL/100x500x500/Uf48.bin.f32,adt_fse,0.001,100000000,15635217,6.395818,25000000,14792204,4.742899,58.836733,Hurricane
HurricaneISABEL/100x500x500/Uf48.bin.f32,lpaq,0.001,100000000,13611929,7.346497,25000000,12759106,64.458478,69.604024,Hurricane
HurricaneISABEL/100x500x500/Uf48.bin.f32,mac,0.001,100000000,13884149,7.202458,25000000,13032156,18.011485,15.764359,Hurricane
HurricaneISABEL/100x500x500/Uf48.bin.f32,orisz,0.001,100000000,15525413,6.441052,25000000,14884181,3.879067,1.428744,Hurricane
HurricaneISABEL/100x500x500/Uf48.bin.f32,zfp,0.001,100000000,40303384,2.481181232821542,/,/,0.8735074996948242,0.6630442142486572,Hurricane
HurricaneISABEL/100x500x500/Uf48.bin.f32,adt_fse,0.01,100000000,9260411,10.798657,25000000,8613059,3.936256,60.24486,Hurricane
HurricaneISABEL/100x500x500/Uf48.bin.f32,lpaq,0.01,100000000,8343587,11.985253,25000000,7692410,65.56355500000001,64.139808,Hurricane
HurricaneISABEL/100x500x500/Uf48.bin.f32,mac,0.01,100000000,8089726,12.361358,25000000,7439172,12.567126,10.419593,Hurricane
HurricaneISABEL/100x500x500/Uf48.bin.f32,orisz,0.01,100000000,8961462,11.158893,25000000,8830568,3.303688,1.490387,Hurricane
HurricaneISABEL/100x500x500/Uf48.bin.f32,zfp,0.01,100000000,30977448,3.228154882222706,/,/,0.7810711860656738,0.585780143737793,Hurricane
HurricaneISABEL/100x500x500/Vf48.bin.f32,adt_fse,0.0001,100000000,24072009,4.154203,25000000,23229544,7.309017999999999,63.149908,Hurricane
HurricaneISABEL/100x500x500/Vf48.bin.f32,lpaq,0.0001,100000000,21052116,4.750116,25000000,20178859,75.943942,72.336486,Hurricane
HurricaneISABEL/100x500x500/Vf48.bin.f32,mac,0.0001,100000000,22772916,4.391181,25000000,21900295,22.537194,20.41669,Hurricane
HurricaneISABEL/100x500x500/Vf48.bin.f32,orisz,0.0001,100000000,23981242,4.169926,25000000,23572670,7.236712,1.608091,Hurricane
HurricaneISABEL/100x500x500/Vf48.bin.f32,zfp,0.0001,100000000,51935560,1.92546301609148,/,/,0.9834055900573728,0.78444504737854,Hurricane
HurricaneISABEL/100x500x500/Vf48.bin.f32,adt_fse,0.001,100000000,14358833,6.964353999999998,25000000,13722189,4.579942,63.23421999999999,Hurricane
HurricaneISABEL/100x500x500/Vf48.bin.f32,lpaq,0.001,100000000,12439132,8.039146,25000000,11795808,68.87516600000001,63.639512,Hurricane
HurricaneISABEL/100x500x500/Vf48.bin.f32,mac,0.001,100000000,12600765,7.936025999999999,25000000,11956145,15.974006,15.179861,Hurricane
HurricaneISABEL/100x500x500/Vf48.bin.f32,orisz,0.001,100000000,14157556,7.063366,25000000,13841605,3.736001,1.4068889999999998,Hurricane
HurricaneISABEL/100x500x500/Vf48.bin.f32,zfp,0.001,100000000,39452688,2.534681540583496,/,/,0.8743877410888672,3.1157751083374023,Hurricane
HurricaneISABEL/100x500x500/Vf48.bin.f32,adt_fse,0.01,100000000,8557680,11.68541,25000000,8075279,3.664433,62.482938,Hurricane
HurricaneISABEL/100x500x500/Vf48.bin.f32,lpaq,0.01,100000000,7651248,13.069763,25000000,7166318,65.226072,63.153721,Hurricane
HurricaneISABEL/100x500x500/Vf48.bin.f32,mac,0.01,100000000,7380320,13.549548,25000000,6895761,11.32317,10.521581,Hurricane
HurricaneISABEL/100x500x500/Vf48.bin.f32,orisz,0.01,100000000,8177891,12.228092,25000000,8244989,2.982676,1.271816,Hurricane
HurricaneISABEL/100x500x500/Vf48.bin.f32,zfp,0.01,100000000,30127024,3.3192790632091635,/,/,0.7710669040679932,0.5797717571258545,Hurricane
HurricaneISABEL/100x500x500/Wf48.bin.f32,adt_fse,0.0001,100000000,46237298,2.1627560000000003,25000000,42266434,13.233844,64.575473,Hurricane
HurricaneISABEL/100x500x500/Wf48.bin.f32,lpaq,0.0001,100000000,45646722,2.190738,25000000,41602954,112.402435,107.436805,Hurricane
HurricaneISABEL/100x500x500/Wf48.bin.f32,mac,0.0001,100000000,48026354,2.08219,25000000,43981480,32.775979,25.376756,Hurricane
HurricaneISABEL/100x500x500/Wf48.bin.f32,orisz,0.0001,100000000,46726406,2.140118,25000000,43931824,13.738685,3.018801,Hurricane
HurricaneISABEL/100x500x500/Wf48.bin.f32,zfp,0.0001,100000000,65722312,1.5215532892391248,/,/,0.9846937656402588,1.1531927585601809,Hurricane
HurricaneISABEL/100x500x500/Wf48.bin.f32,adt_fse,0.001,100000000,35680928,2.802618,25000000,31950232,9.899041,63.549809,Hurricane
HurricaneISABEL/100x500x500/Wf48.bin.f32,lpaq,0.001,100000000,34749686,2.877724,25000000,30958651,91.514245,87.169673,Hurricane
HurricaneISABEL/100x500x500/Wf48.bin.f32,mac,0.001,100000000,37472682,2.668611,25000000,33681512,24.327002,20.571373,Hurricane
HurricaneISABEL/100x500x500/Wf48.bin.f32,orisz,0.001,100000000,35705465,2.800692,25000000,32069785,8.419456,2.052736,Hurricane
HurricaneISABEL/100x500x500/Wf48.bin.f32,zfp,0.001,100000000,53243976,1.8781467409571369,/,/,0.8645493984222412,0.7536695003509521,Hurricane
HurricaneISABEL/100x500x500/Wf48.bin.f32,adt_fse,0.01,100000000,25569282,3.910943,25000000,21435209,7.004451,63.45188100000001,Hurricane
HurricaneISABEL/100x500x500/Wf48.bin.f32,lpaq,0.01,100000000,24798096,4.032568,25000000,20641931,72.498041,71.05975500000002,Hurricane
HurricaneISABEL/100x500x500/Wf48.bin.f32,mac,0.01,100000000,24920310,4.012791,25000000,20763873,16.84681,14.208376,Hurricane
HurricaneISABEL/100x500x500/Wf48.bin.f32,orisz,0.01,100000000,25566158,3.911421,25000000,21478609,5.680409,1.62848,Hurricane
HurricaneISABEL/100x500x500/Wf48.bin.f32,zfp,0.01,100000000,43914752,2.2771391262781124,/,/,0.9058272838592528,0.845937967300415,Hurricane
